url,status,final_url
https://www.mekorhabracha.org/,200,https://www.mekorhabracha.org/
https://www.mekorhabracha.org/_files/ugd/92f487_029f5b27646741478d7dc993e6614c54.pdf,200,https://e0b7a2b2-1782-4b0f-9b31-0691f453bd36.filesusr.com/ugd/92f487_029f5b27646741478d7dc993e6614c54.pdf
https://www.mekorhabracha.org/_files/ugd/92f487_07ebe47c2be44c538b46e55d6b18b359.pdf,200,https://e0b7a2b2-1782-4b0f-9b31-0691f453bd36.filesusr.com/ugd/92f487_07ebe47c2be44c538b46e55d6b18b359.pdf
https://www.mekorhabracha.org/_files/ugd/92f487_19066816f85142bb94e30b3d0ff2bb26.pdf,200,https://e0b7a2b2-1782-4b0f-9b31-0691f453bd36.filesusr.com/ugd/92f487_19066816f85142bb94e30b3d0ff2bb26.pdf
https://www.mekorhabracha.org/_files/ugd/92f487_22e91bacbdec42c8a51de6a7d9fbf543.pdf,200,https://e0b7a2b2-1782-4b0f-9b31-0691f453bd36.filesusr.com/ugd/92f487_22e91bacbdec42c8a51de6a7d9fbf543.pdf
https://www.mekorhabracha.org/_files/ugd/92f487_2e3a3bb8c89a4b71a9d969c2e63a9194.pdf,200,https://e0b7a2b2-1782-4b0f-9b31-0691f453bd36.filesusr.com/ugd/92f487_2e3a3bb8c89a4b71a9d969c2e63a9194.pdf
https://www.mekorhabracha.org/_files/ugd/92f487_32a7346134f74e52999548e74e71d62d.pdf,200,https://e0b7a2b2-1782-4b0f-9b31-0691f453bd36.filesusr.com/ugd/92f487_32a7346134f74e52999548e74e71d62d.pdf
https://www.mekorhabracha.org/_files/ugd/92f487_3cac2947e6fa4d3c97d1cdf15c1e8aff.pdf,200,https://e0b7a2b2-1782-4b0f-9b31-0691f453bd36.filesusr.com/ugd/92f487_3cac2947e6fa4d3c97d1cdf15c1e8aff.pdf
https://www.mekorhabracha.org/_files/ugd/92f487_5d2b145c7a374f899781be7397d2555c.pdf,200,https://e0b7a2b2-1782-4b0f-9b31-0691f453bd36.filesusr.com/ugd/92f487_5d2b145c7a374f899781be7397d2555c.pdf
https://www.mekorhabracha.org/_files/ugd/92f487_6256c0711f044f5086c72a471120db61.pdf,200,https://e0b7a2b2-1782-4b0f-9b31-0691f453bd36.filesusr.com/ugd/92f487_6256c0711f044f5086c72a471120db61.pdf
https://www.mekorhabracha.org/_files/ugd/92f487_649e9ef91ce343ab81f0cd94411298e2.pdf,200,https://e0b7a2b2-1782-4b0f-9b31-0691f453bd36.filesusr.com/ugd/92f487_649e9ef91ce343ab81f0cd94411298e2.pdf
https://www.mekorhabracha.org/_files/ugd/92f487_684ccb3386b143cda31c32d40cb5ad9d.pdf,200,https://e0b7a2b2-1782-4b0f-9b31-0691f453bd36.filesusr.com/ugd/92f487_684ccb3386b143cda31c32d40cb5ad9d.pdf
https://www.mekorhabracha.org/_files/ugd/92f487_7adc763c94504c369dee8f1f7bec3152.pdf,200,https://e0b7a2b2-1782-4b0f-9b31-0691f453bd36.filesusr.com/ugd/92f487_7adc763c94504c369dee8f1f7bec3152.pdf
https://www.mekorhabracha.org/_files/ugd/92f487_7d1ad51d2b304825aca6b3b42c2dbabc.pdf,200,https://e0b7a2b2-1782-4b0f-9b31-0691f453bd36.filesusr.com/ugd/92f487_7d1ad51d2b304825aca6b3b42c2dbabc.pdf
https://www.mekorhabracha.org/_files/ugd/92f487_802ba8eef01b4d7eb9dc6077d0e07b8d.pdf,200,https://e0b7a2b2-1782-4b0f-9b31-0691f453bd36.filesusr.com/ugd/92f487_802ba8eef01b4d7eb9dc6077d0e07b8d.pdf
https://www.mekorhabracha.org/_files/ugd/92f487_8ba968ae1c454c25b23c21cfc3b3205d.pdf,200,https://e0b7a2b2-1782-4b0f-9b31-0691f453bd36.filesusr.com/ugd/92f487_8ba968ae1c454c25b23c21cfc3b3205d.pdf
https://www.mekorhabracha.org/_files/ugd/92f487_8e6b3ce48a494894bda8781da89d4dba.pdf,200,https://e0b7a2b2-1782-4b0f-9b31-0691f453bd36.filesusr.com/ugd/92f487_8e6b3ce48a494894bda8781da89d4dba.pdf
https://www.mekorhabracha.org/_files/ugd/92f487_9009fa71d9cd444b902bf329e41393d5.pdf,200,https://e0b7a2b2-1782-4b0f-9b31-0691f453bd36.filesusr.com/ugd/92f487_9009fa71d9cd444b902bf329e41393d5.pdf
https://www.mekorhabracha.org/_files/ugd/92f487_91b88906884045f991abcce1b5784625.pdf,200,https://e0b7a2b2-1782-4b0f-9b31-0691f453bd36.filesusr.com/ugd/92f487_91b88906884045f991abcce1b5784625.pdf
https://www.mekorhabracha.org/_files/ugd/92f487_ae86830cb9be46d6865f3d7a3f670227.pdf,200,https://e0b7a2b2-1782-4b0f-9b31-0691f453bd36.filesusr.com/ugd/92f487_ae86830cb9be46d6865f3d7a3f670227.pdf
https://www.mekorhabracha.org/_files/ugd/92f487_b3b329efd6574d5896a34bea5f5978b2.pdf,200,https://e0b7a2b2-1782-4b0f-9b31-0691f453bd36.filesusr.com/ugd/92f487_b3b329efd6574d5896a34bea5f5978b2.pdf
https://www.mekorhabracha.org/_files/ugd/92f487_b61b524b0c414ccd94a380ae180e514f.docx?dn=mekor_pesach_at_home_services_2024.docx,200,https://e0b7a2b2-1782-4b0f-9b31-0691f453bd36.filesusr.com/ugd/92f487_b61b524b0c414ccd94a380ae180e514f.docx?dn=mekor_pesach_at_home_services_2024.docx
https://www.mekorhabracha.org/_files/ugd/92f487_bb3242f2f5014d31953bdf80df638dab.pdf,200,https://e0b7a2b2-1782-4b0f-9b31-0691f453bd36.filesusr.com/ugd/92f487_bb3242f2f5014d31953bdf80df638dab.pdf
https://www.mekorhabracha.org/_files/ugd/92f487_bf80037612a34ea7a91efe76a16f0657.pdf,200,https://e0b7a2b2-1782-4b0f-9b31-0691f453bd36.filesusr.com/ugd/92f487_bf80037612a34ea7a91efe76a16f0657.pdf
https://www.mekorhabracha.org/_files/ugd/92f487_c10e2f973aef4778bbcc641f5d20c70c.pdf,200,https://e0b7a2b2-1782-4b0f-9b31-0691f453bd36.filesusr.com/ugd/92f487_c10e2f973aef4778bbcc641f5d20c70c.pdf
https://www.mekorhabracha.org/_files/ugd/92f487_cec3fd1c5cb443c5b7f5bf130a5de4b5.pdf,200,https://e0b7a2b2-1782-4b0f-9b31-0691f453bd36.filesusr.com/ugd/92f487_cec3fd1c5cb443c5b7f5bf130a5de4b5.pdf
https://www.mekorhabracha.org/_files/ugd/92f487_cf7bf9402701480d87be7b738d8af24d.pdf,200,https://e0b7a2b2-1782-4b0f-9b31-0691f453bd36.filesusr.com/ugd/92f487_cf7bf9402701480d87be7b738d8af24d.pdf
https://www.mekorhabracha.org/_files/ugd/92f487_d73124bb583d48a6bf7cf9df0577a866.pdf,200,https://e0b7a2b2-1782-4b0f-9b31-0691f453bd36.filesusr.com/ugd/92f487_d73124bb583d48a6bf7cf9df0577a866.pdf
https://www.mekorhabracha.org/_files/ugd/92f487_e0e555d164594029bc6e823fdf553bab.pdf,200,https://e0b7a2b2-1782-4b0f-9b31-0691f453bd36.filesusr.com/ugd/92f487_e0e555d164594029bc6e823fdf553bab.pdf
https://www.mekorhabracha.org/_files/ugd/92f487_e78520be4c7541ff87261250e96bd464.pdf,200,https://e0b7a2b2-1782-4b0f-9b31-0691f453bd36.filesusr.com/ugd/92f487_e78520be4c7541ff87261250e96bd464.pdf
https://www.mekorhabracha.org/_files/ugd/92f487_eeb8885c1b164f69bedd7e6a39fc1d68.pdf,200,https://e0b7a2b2-1782-4b0f-9b31-0691f453bd36.filesusr.com/ugd/92f487_eeb8885c1b164f69bedd7e6a39fc1d68.pdf
https://www.mekorhabracha.org/_files/ugd/92f487_f14fd1b9d4c64370a84ccaf01d666050.pdf,200,https://e0b7a2b2-1782-4b0f-9b31-0691f453bd36.filesusr.com/ugd/92f487_f14fd1b9d4c64370a84ccaf01d666050.pdf
https://www.mekorhabracha.org/_files/ugd/92f487_f35dcab2ce1d42079b9d33eb330edc7a.pdf,200,https://e0b7a2b2-1782-4b0f-9b31-0691f453bd36.filesusr.com/ugd/92f487_f35dcab2ce1d42079b9d33eb330edc7a.pdf
https://www.mekorhabracha.org/about-5,200,https://www.mekorhabracha.org/about-5
https://www.mekorhabracha.org/about-us,200,https://www.mekorhabracha.org/about-us
https://www.mekorhabracha.org/alumni-auxiliary-membership.html,400,
https://www.mekorhabracha.org/auxiliary-membership,200,https://www.mekorhabracha.org/auxiliary-membership
https://www.mekorhabracha.org/blog-feed.xml,200,https://www.mekorhabracha.org/blog-feed.xml
https://www.mekorhabracha.org/center-city,200,https://www.mekorhabracha.org/center-city
https://www.mekorhabracha.org/center-city-beit-midrash,200,https://www.mekorhabracha.org/center-city-beit-midrash
https://www.mekorhabracha.org/center-city-south-philly-er,200,https://www.mekorhabracha.org/center-city-south-philly-er
https://www.mekorhabracha.org/centercity-southphillyeruvupdate-old,200,https://www.mekorhabracha.org/centercity-southphillyeruvupdate-old
https://www.mekorhabracha.org/cherry-hill,200,https://www.mekorhabracha.org/cherry-hill
https://www.mekorhabracha.org/contact-us,200,https://www.mekorhabracha.org/contact-us
https://www.mekorhabracha.org/copy-of-center-city-beit-midrash,200,https://www.mekorhabracha.org/copy-of-center-city-beit-midrash
https://www.mekorhabracha.org/copy-of-pesach-at-mekor,200,https://www.mekorhabracha.org/copy-of-pesach-at-mekor
https://www.mekorhabracha.org/davening,200,https://www.mekorhabracha.org/davening
https://www.mekorhabracha.org/donation-thank-you-page,200,https://www.mekorhabracha.org/donation-thank-you-page
https://www.mekorhabracha.org/donations,200,https://www.mekorhabracha.org/donations
https://www.mekorhabracha.org/events,200,https://www.mekorhabracha.org/events
https://www.mekorhabracha.org/events-1/mekor-pesach-seders,200,https://www.mekorhabracha.org/events-1/mekor-pesach-seders
https://www.mekorhabracha.org/events-1/mekor-shabbat-with-the-sachers,200,https://www.mekorhabracha.org/events-1/mekor-shabbat-with-the-sachers
https://www.mekorhabracha.org/events-1/mekor-shabbat-with-the-sachers-1,200,https://www.mekorhabracha.org/events-1/mekor-shabbat-with-the-sachers-1
https://www.mekorhabracha.org/events-1/mekor-shabbat-with-the-sachers-2,200,https://www.mekorhabracha.org/events-1/mekor-shabbat-with-the-sachers-2
https://www.mekorhabracha.org/events-1/mekors-tot-shabbat,200,https://www.mekorhabracha.org/events-1/mekors-tot-shabbat
https://www.mekorhabracha.org/events-1/pesach-at-mekor,200,https://www.mekorhabracha.org/events-1/pesach-at-mekor
https://www.mekorhabracha.org/events-1/purim-at-mekor,200,https://www.mekorhabracha.org/events-1/purim-at-mekor
https://www.mekorhabracha.org/events-1/scholar-in-residence-shabbat-with-rabbi-aaron-goldscheider,200,https://www.mekorhabracha.org/events-1/scholar-in-residence-shabbat-with-rabbi-aaron-goldscheider
https://www.mekorhabracha.org/events-1/shabbat-dinner-and-conversation-with-moshe-shamah,200,https://www.mekorhabracha.org/events-1/shabbat-dinner-and-conversation-with-moshe-shamah
https://www.mekorhabracha.org/events-1/shabbat-shuva-dinner-kumzitz,200,https://www.mekorhabracha.org/events-1/shabbat-shuva-dinner-kumzitz
https://www.mekorhabracha.org/events-1/special-discussion-with-mark-trencher-of-nishma-research,200,https://www.mekorhabracha.org/events-1/special-discussion-with-mark-trencher-of-nishma-research
https://www.mekorhabracha.org/events-1/true,200,https://www.mekorhabracha.org/events-1/true
https://www.mekorhabracha.org/events-page,200,https://www.mekorhabracha.org/events-page
https://www.mekorhabracha.org/from-the-rabbi-s-desk,200,https://www.mekorhabracha.org/from-the-rabbi-s-desk
https://www.mekorhabracha.org/from-the-rabbis-desk.html,400,
https://www.mekorhabracha.org/general-5,200,https://www.mekorhabracha.org/general-5
https://www.mekorhabracha.org/in-the-news,200,https://www.mekorhabracha.org/in-the-news
https://www.mekorhabracha.org/israel,200,https://www.mekorhabracha.org/israel
https://www.mekorhabracha.org/kiddush,200,https://www.mekorhabracha.org/kiddush
https://www.mekorhabracha.org/kosher-map,200,https://www.mekorhabracha.org/kosher-map
https://www.mekorhabracha.org/kosher-posts,200,https://www.mekorhabracha.org/kosher-posts
https://www.mekorhabracha.org/kosher-posts/categories/center-city,200,https://www.mekorhabracha.org/kosher-posts/categories/center-city
https://www.mekorhabracha.org/kosher-posts/categories/center-city/page/2,200,https://www.mekorhabracha.org/kosher-posts/categories/center-city/page/2
https://www.mekorhabracha.org/kosher-posts/categories/cherry-hill,0,
https://www.mekorhabracha.org/kosher-posts/categories/main-line-manyunk,0,
https://www.mekorhabracha.org/kosher-posts/categories/main-line-manyunk/page/2,0,
https://www.mekorhabracha.org/kosher-posts/categories/old-york-road-northeast,0,
https://www.mekorhabracha.org/kosher-posts/categories/true,0,
https://www.mekorhabracha.org/kosher-posts/hashtags/1,0,
https://www.mekorhabracha.org/kosher-posts/page/2,0,
https://www.mekorhabracha.org/kosher-posts/page/3,200,https://www.mekorhabracha.org/kosher-posts/page/3
https://www.mekorhabracha.org/kosher-posts/page/4,0,
https://www.mekorhabracha.org/kosher-posts/page/5,0,
https://www.mekorhabracha.org/kosher-posts/page/6,0,
https://www.mekorhabracha.org/kosher-posts/search/.hash.4,0,
https://www.mekorhabracha.org/kosher-posts/tags/bakery,0,
https://www.mekorhabracha.org/kosher-posts/tags/cafe,0,
https://www.mekorhabracha.org/kosher-posts/tags/ice-cream,0,
https://www.mekorhabracha.org/kosher-posts/tags/restaurants,200,https://www.mekorhabracha.org/kosher-posts/tags/restaurants
https://www.mekorhabracha.org/letterfromisrael,0,
https://www.mekorhabracha.org/main-line-manyunk,200,https://www.mekorhabracha.org/main-line-manyunk
https://www.mekorhabracha.org/mekor-bulletin-board,200,https://www.mekorhabracha.org/mekor-bulletin-board
https://www.mekorhabracha.org/mekorcouples,200,https://www.mekorhabracha.org/mekorcouples
https://www.mekorhabracha.org/membership,0,
https://www.mekorhabracha.org/membership-old,200,https://www.mekorhabracha.org/membership-old
https://www.mekorhabracha.org/news/a-night-of-megillah-and-music-at-mekor-habracha,200,https://www.mekorhabracha.org/news/a-night-of-megillah-and-music-at-mekor-habracha
https://www.mekorhabracha.org/news/activists-prepare-for-climate-march,200,https://www.mekorhabracha.org/news/activists-prepare-for-climate-march
https://www.mekorhabracha.org/news/american-rabbis-brush-off-being-named-on-chief-rabbinate%E2%80%99s-%E2%80%98blacklist%E2%80%99,200,https://www.mekorhabracha.org/news/american-rabbis-brush-off-being-named-on-chief-rabbinate%E2%80%99s-%E2%80%98blacklist%E2%80%99
https://www.mekorhabracha.org/news/annual-jewish-heritage-night-fills-phillies-game,200,https://www.mekorhabracha.org/news/annual-jewish-heritage-night-fills-phillies-game
https://www.mekorhabracha.org/news/back-to-jewish-day-school,200,https://www.mekorhabracha.org/news/back-to-jewish-day-school
https://www.mekorhabracha.org/news/calling-attention-to-plight-of-chained-women,200,https://www.mekorhabracha.org/news/calling-attention-to-plight-of-chained-women
https://www.mekorhabracha.org/news/creating-modern-orthodox-community,200,https://www.mekorhabracha.org/news/creating-modern-orthodox-community
https://www.mekorhabracha.org/news/crockpot-crapshoot,200,https://www.mekorhabracha.org/news/crockpot-crapshoot
https://www.mekorhabracha.org/news/etz-chaim-and-minyan-outgrowth-decide-to-go-their-separate-ways,0,
https://www.mekorhabracha.org/news/federation-chosen-for-prestigious-leadership-program,0,
https://www.mekorhabracha.org/news/first-ever-hava-nagrilla-barbecue-contest-attracts-thousands,200,https://www.mekorhabracha.org/news/first-ever-hava-nagrilla-barbecue-contest-attracts-thousands
https://www.mekorhabracha.org/news/focusing-on-kids-makes-sense-but-what-about-singles,0,
https://www.mekorhabracha.org/news/graduate-level-matchmaking,200,https://www.mekorhabracha.org/news/graduate-level-matchmaking
https://www.mekorhabracha.org/news/its-all-about-location-when-it-comes-to-eruvin,0,
https://www.mekorhabracha.org/news/jewish-weddings-are-blending-connubiality-with-individuality,0,
https://www.mekorhabracha.org/news/keeping-jewish-heritage-alive-in-center-city,200,https://www.mekorhabracha.org/news/keeping-jewish-heritage-alive-in-center-city
https://www.mekorhabracha.org/news/leavens-fate-what-to-do-with-your-chametz,200,https://www.mekorhabracha.org/news/leavens-fate-what-to-do-with-your-chametz
https://www.mekorhabracha.org/news/local-rabbis-in-it-for-the-long-run,0,
https://www.mekorhabracha.org/news/locals-react-to-us-abstention-from-un-vote,200,https://www.mekorhabracha.org/news/locals-react-to-us-abstention-from-un-vote
https://www.mekorhabracha.org/news/making-carrying-shabbat-friendly,200,https://www.mekorhabracha.org/news/making-carrying-shabbat-friendly
https://www.mekorhabracha.org/news/marriage-equality-supporters-applaud-state-bill,200,https://www.mekorhabracha.org/news/marriage-equality-supporters-applaud-state-bill
https://www.mekorhabracha.org/news/mekor-habracha-scholar-in-residence-shabbaton-with-rabbi-saul-berman,0,
https://www.mekorhabracha.org/news/moshav-band-and-moments-of-wrong-ready-to-rock-union-transfer,0,
https://www.mekorhabracha.org/news/moshav-band-presents-mekor-habracha-benefit-concert,0,
https://www.mekorhabracha.org/news/music-bonfire-light-up-kensington-for-lag-bomer,0,
https://www.mekorhabracha.org/news/philadelphia-jews-celebrate-lag-bomer-with-bonfire-and-music-fest,0,
https://www.mekorhabracha.org/news/purim-stressing-gods-role-in-evil-of-world,0,
https://www.mekorhabracha.org/news/rabbiscanrun,0,
https://www.mekorhabracha.org/news/ring-in-5773,0,
https://www.mekorhabracha.org/news/speaking-their-minds-rabbis-address-israel-at-the-high-holidays,0,
https://www.mekorhabracha.org/news/true,0,
https://www.mekorhabracha.org/news/understanding-yom-kippurs-focus-on-atonement-and-forgiveness,0,
https://www.mekorhabracha.org/news/us-rabbis-sign-letter-opposing-nuclear-agreement,200,https://www.mekorhabracha.org/news/us-rabbis-sign-letter-opposing-nuclear-agreement
https://www.mekorhabracha.org/news/waxman-and-snyder-to-challenge-sims-for-the-182nd-district,200,https://www.mekorhabracha.org/news/waxman-and-snyder-to-challenge-sims-for-the-182nd-district
https://www.mekorhabracha.org/news/what-message-are-we-sending-to-mourners,0,
https://www.mekorhabracha.org/news/why-i-cook-for-strangers,200,https://www.mekorhabracha.org/news/why-i-cook-for-strangers
https://www.mekorhabracha.org/old-kosher-restaurants,200,https://www.mekorhabracha.org/old-kosher-restaurants
https://www.mekorhabracha.org/old-yorkroad-northeast,200,https://www.mekorhabracha.org/old-yorkroad-northeast
https://www.mekorhabracha.org/our-communities,200,https://www.mekorhabracha.org/our-communities
https://www.mekorhabracha.org/our-leadership,200,https://www.mekorhabracha.org/our-leadership
https://www.mekorhabracha.org/our-rabbi,200,https://www.mekorhabracha.org/our-rabbi
https://www.mekorhabracha.org/our-rabbis.html,0,
https://www.mekorhabracha.org/philly-jewish-community,0,
https://www.mekorhabracha.org/post/20th-street-pizza,0,
https://www.mekorhabracha.org/post/_blog,200,https://www.mekorhabracha.org/post/_blog
https://www.mekorhabracha.org/post/_luhv,200,https://www.mekorhabracha.org/post/_luhv
https://www.mekorhabracha.org/post/_luhv-1,0,
https://www.mekorhabracha.org/post/_luhv-2,0,
https://www.mekorhabracha.org/post/bar-bombon,0,
https://www.mekorhabracha.org/post/barbara-and-harvey-brodsky-enrichment-center-of-jewish-family-and-children-services,0,
https://www.mekorhabracha.org/post/ben-jerry-s-ice-cream,200,https://www.mekorhabracha.org/post/ben-jerry-s-ice-cream
https://www.mekorhabracha.org/post/best-cake-kosher-bakery,200,https://www.mekorhabracha.org/post/best-cake-kosher-bakery
https://www.mekorhabracha.org/post/c-r-kitchen,200,https://www.mekorhabracha.org/post/c-r-kitchen
https://www.mekorhabracha.org/post/c-r-kitchen-1,200,https://www.mekorhabracha.org/post/c-r-kitchen-1
https://www.mekorhabracha.org/post/cafe-613-at-temple-hillel,200,https://www.mekorhabracha.org/post/cafe-613-at-temple-hillel
https://www.mekorhabracha.org/post/casa-borinque%C3%B1a,200,https://www.mekorhabracha.org/post/casa-borinque%C3%B1a
https://www.mekorhabracha.org/post/casa-borinqueña,0,
https://www.mekorhabracha.org/post/charlie-was-a-sinner,200,https://www.mekorhabracha.org/post/charlie-was-a-sinner
https://www.mekorhabracha.org/post/cinnaholic,200,https://www.mekorhabracha.org/post/cinnaholic
https://www.mekorhabracha.org/post/copy-of-ben-jerry-s-ice-cream,200,https://www.mekorhabracha.org/post/copy-of-ben-jerry-s-ice-cream
https://www.mekorhabracha.org/post/diane-s-patisserie,200,https://www.mekorhabracha.org/post/diane-s-patisserie
https://www.mekorhabracha.org/post/dining-commons-at-penn-hillel,200,https://www.mekorhabracha.org/post/dining-commons-at-penn-hillel
https://www.mekorhabracha.org/post/dottie-s-donuts,0,
https://www.mekorhabracha.org/post/dottie-s-donuts-1,0,
https://www.mekorhabracha.org/post/dottie-s-donuts-2,200,https://www.mekorhabracha.org/post/dottie-s-donuts-2
https://www.mekorhabracha.org/post/dottie-s-donuts-3,0,
https://www.mekorhabracha.org/post/espresso-cafe-sushi-bar,200,https://www.mekorhabracha.org/post/espresso-cafe-sushi-bar
https://www.mekorhabracha.org/post/fitz-on-4th,200,https://www.mekorhabracha.org/post/fitz-on-4th
https://www.mekorhabracha.org/post/giant,0,
https://www.mekorhabracha.org/post/giant-1,0,
https://www.mekorhabracha.org/post/goldie,0,
https://www.mekorhabracha.org/post/goldie-1,0,
https://www.mekorhabracha.org/post/goldie-2,0,
https://www.mekorhabracha.org/post/goldie-3,0,
https://www.mekorhabracha.org/post/goldie-4,0,
https://www.mekorhabracha.org/post/hipcityveg,0,
https://www.mekorhabracha.org/post/hipcityveg-1,0,
https://www.mekorhabracha.org/post/house-of-kosher,0,
https://www.mekorhabracha.org/post/insomnia-cookies-bala-cynwyd,0,
https://www.mekorhabracha.org/post/insomnia-cookies-upenn-hup,0,
https://www.mekorhabracha.org/post/insomnia-cookies-upenn-hup-1,0,
https://www.mekorhabracha.org/post/joy-cafe,0,
https://www.mekorhabracha.org/post/judah-mediterranean-grill,0,
https://www.mekorhabracha.org/post/kosher-corner-at-temple-university,0,
https://www.mekorhabracha.org/post/kosher-experience,0,
https://www.mekorhabracha.org/post/kosher-experience-1,0,
https://www.mekorhabracha.org/post/la-chic-n-sweet,0,
https://www.mekorhabracha.org/post/luhv-factory-vegan-bistro,200,https://www.mekorhabracha.org/post/luhv-factory-vegan-bistro
https://www.mekorhabracha.org/post/magical-sweet-shop,200,https://www.mekorhabracha.org/post/magical-sweet-shop
https://www.mekorhabracha.org/post/mama-s-vegetarian-falafel,200,https://www.mekorhabracha.org/post/mama-s-vegetarian-falafel
https://www.mekorhabracha.org/post/mia-s-meals,200,https://www.mekorhabracha.org/post/mia-s-meals
https://www.mekorhabracha.org/post/mike-s-chicken,0,
https://www.mekorhabracha.org/post/miss-rachel-s-pantry,0,
https://www.mekorhabracha.org/post/moore-bakery---i-want-moore,200,https://www.mekorhabracha.org/post/moore-bakery---i-want-moore
https://www.mekorhabracha.org/post/moore-bakery-i-want-moore,0,
https://www.mekorhabracha.org/post/nana-s-kitchen,0,
https://www.mekorhabracha.org/post/new-york-bagel,200,https://www.mekorhabracha.org/post/new-york-bagel
https://www.mekorhabracha.org/post/new-york-bagel-bakery,200,https://www.mekorhabracha.org/post/new-york-bagel-bakery
https://www.mekorhabracha.org/post/nothing-bundt-cakes-cherry-hill,200,https://www.mekorhabracha.org/post/nothing-bundt-cakes-cherry-hill
https://www.mekorhabracha.org/post/nothing-bundt-cakes-marlton,0,
https://www.mekorhabracha.org/post/nothing-bundt-cakes-springfield,200,https://www.mekorhabracha.org/post/nothing-bundt-cakes-springfield
https://www.mekorhabracha.org/post/nothing-bundt-cakes-wynnewood,0,
https://www.mekorhabracha.org/post/picture-barbara-and-harvey-brodsky-enrichment-center,200,https://www.mekorhabracha.org/post/picture-barbara-and-harvey-brodsky-enrichment-center
https://www.mekorhabracha.org/post/plnt-burger,0,
https://www.mekorhabracha.org/post/plnt-burger-1,0,
https://www.mekorhabracha.org/post/primo-water-ice,0,
https://www.mekorhabracha.org/post/ps-co,0,
https://www.mekorhabracha.org/post/rita-s-south-street-west,0,
https://www.mekorhabracha.org/post/rita-s-water-ice,0,
https://www.mekorhabracha.org/post/rita-s-water-ice-1,200,https://www.mekorhabracha.org/post/rita-s-water-ice-1
https://www.mekorhabracha.org/post/rita-s-water-ice-2,0,
https://www.mekorhabracha.org/post/rita-s-water-ice-3,200,https://www.mekorhabracha.org/post/rita-s-water-ice-3
https://www.mekorhabracha.org/post/rollings-bakery,200,https://www.mekorhabracha.org/post/rollings-bakery
https://www.mekorhabracha.org/post/say-she-ate-caf%C3%A9,0,
https://www.mekorhabracha.org/post/say-she-ate-café,0,
https://www.mekorhabracha.org/post/shalom-pizza,0,
https://www.mekorhabracha.org/post/shevy-s-babka-paradise,200,https://www.mekorhabracha.org/post/shevy-s-babka-paradise
https://www.mekorhabracha.org/post/shevy-s-babka-paradise-1,0,
https://www.mekorhabracha.org/post/shtetl-kosher-restaurant,0,
https://www.mekorhabracha.org/post/slices-and-rolls-pizza-shop,0,
https://www.mekorhabracha.org/post/star-of-david-kosher-grill,0,
https://www.mekorhabracha.org/post/stephen-s-cafe,200,https://www.mekorhabracha.org/post/stephen-s-cafe
https://www.mekorhabracha.org/post/sweet-box-bakery,0,
https://www.mekorhabracha.org/post/sweet-trading-company,200,https://www.mekorhabracha.org/post/sweet-trading-company
https://www.mekorhabracha.org/post/tasty-twisters-soft-pretzel-factory,200,https://www.mekorhabracha.org/post/tasty-twisters-soft-pretzel-factory
https://www.mekorhabracha.org/post/that-sushi-spot-lkwd-nj-lakewood,200,https://www.mekorhabracha.org/post/that-sushi-spot-lkwd-nj-lakewood
https://www.mekorhabracha.org/post/the-bagel-spot,0,
https://www.mekorhabracha.org/post/the-brazilian-bbq,0,
https://www.mekorhabracha.org/post/the-brazillan-bbq,0,
https://www.mekorhabracha.org/post/the-chilly-banana,200,https://www.mekorhabracha.org/post/the-chilly-banana
https://www.mekorhabracha.org/post/the-kosher-grill,200,https://www.mekorhabracha.org/post/the-kosher-grill
https://www.mekorhabracha.org/post/true,404,
https://www.mekorhabracha.org/post/unit-su-vege,200,https://www.mekorhabracha.org/post/unit-su-vege
https://www.mekorhabracha.org/post/whole-foods-fresh-fish-counter,0,
https://www.mekorhabracha.org/post/z-candy-bar,200,https://www.mekorhabracha.org/post/z-candy-bar
https://www.mekorhabracha.org/post/zevi-s-bakery,0,
https://www.mekorhabracha.org/profile/rabbiehirsch/profile,200,https://www.mekorhabracha.org/profile/rabbiehirsch/profile
https://www.mekorhabracha.org/s-projects-side-by-side,0,
https://www.mekorhabracha.org/search?q={search_term},0,
https://www.mekorhabracha.org/team-4,0,
https://www.mekorhabracha.org/testimonials,0,
https://www.mekorhabracha.org/thank-you,200,https://www.mekorhabracha.org/thank-you
https://www.mekorhabracha.org/true,404,
https://www.mekorhabracha.org/uploads/1/2/1/5/121515787/bar_bombon_2024.pdf,0,
https://www.mekorhabracha.org/uploads/1/2/1/5/121515787/blackbird_20thst_certificate_2024.pdf,404,
https://www.mekorhabracha.org/uploads/1/2/1/5/121515787/charlie_2024_certificate.pdf,0,
https://www.mekorhabracha.org/uploads/1/2/1/5/121515787/dottiesdonuts_manayunk_certificate-website.pdf,0,
https://www.mekorhabracha.org/uploads/1/2/1/5/121515787/face_masks_and_a_mohel__parents_figure_out_how_to_host_a_bris_during_coronavirus_-_wsj.pdf,404,
https://www.mekorhabracha.org/uploads/1/2/1/5/121515787/fitz_on_4th_2024.pdf,404,
https://www.mekorhabracha.org/uploads/1/2/1/5/121515787/goldie_fishtown_certificate-_2024.pdf,404,
https://www.mekorhabracha.org/uploads/1/2/1/5/121515787/hipcityvegrittenhouse_2024.pdf,404,
https://www.mekorhabracha.org/uploads/1/2/1/5/121515787/kilwins_certificate_2024_-_website.pdf,404,
https://www.mekorhabracha.org/uploads/1/2/1/5/121515787/luhv_vegan_deli_at_reading_terminal_2024.pdf,404,
https://www.mekorhabracha.org/uploads/1/2/1/5/121515787/rachels_pantry_certificate_2024.pdf,404,
https://www.mekorhabracha.org/visit-us,0,
