old_url,old_path,new_url,status_code,title_old,title_new,old_word_count,new_word_count,old_line_count,matched_line_count,line_coverage,suggested_new_path,notes
https://www.mekorhabracha.org/,/,http://localhost:3001/,200,Mekor Habracha | Center City Synagogue | Philadelphia | Synagogue,Mekor Habracha | Center City Synagogue | Philadelphia | Synagogue,254,0,13,2,0.154,,Low copy coverage
https://www.mekorhabracha.org/about-5,/about-5,http://localhost:3001/about-5,200,Chazzan/Director of Operations | Mekor 3,Mekor Habracha | Center City Synagogue | Philadelphia | Synagogue,260,0,4,0,0.0,,Low copy coverage
https://www.mekorhabracha.org/about-us,/about-us,http://localhost:3001/about-us,200,About Us | Mekor 3,About Us | Mekor Habracha,573,0,15,0,0.0,,Low copy coverage
https://www.mekorhabracha.org/auxiliary-membership,/auxiliary-membership,http://localhost:3001/auxiliary-membership,200,Auxiliary & Alumni Membership | Mekor 3,Auxiliary &amp; Alumni Membership | Mekor Habracha,281,0,14,0,0.0,,Low copy coverage
https://www.mekorhabracha.org/center-city,/center-city,http://localhost:3001/center-city,200,Center City + Vicinity | Mekor 3,Kosher Restaurants | Mekor Habracha,507,0,37,0,0.0,,Low copy coverage
https://www.mekorhabracha.org/center-city-beit-midrash,/center-city-beit-midrash,http://localhost:3001/center-city-beit-midrash,200,The Center City Beit Midrash (CCBM) | Mekor 3,The Center City Beit Midrash (CCBM) | Mekor Habracha,251,0,12,0,0.0,,Low copy coverage
https://www.mekorhabracha.org/center-city-south-philly-er,/center-city-south-philly-er,http://localhost:3001/center-city-south-philly-er,200,Center City / South Philly Eruv | Mekor 3,Mekor Habracha | Center City Synagogue | Philadelphia | Synagogue,327,0,14,0,0.0,,Low copy coverage
https://www.mekorhabracha.org/centercity-southphillyeruvupdate-old,/centercity-southphillyeruvupdate-old,http://localhost:3001/centercity-southphillyeruvupdate-old,200,Center City / South Philly Eruv old | Mekor 3,Mekor Habracha | Center City Synagogue | Philadelphia | Synagogue,510,0,36,1,0.028,,Low copy coverage
https://www.mekorhabracha.org/cherry-hill,/cherry-hill,http://localhost:3001/cherry-hill,200,Cherry Hill | Mekor 3,Kosher Restaurants | Mekor Habracha,245,0,13,0,0.0,,Low copy coverage
https://www.mekorhabracha.org/contact-us,/contact-us,http://localhost:3001/contact-us,200,Contact Us | Mekor 3,Contact Us | Mekor Habracha,113,0,4,0,0.0,,Low copy coverage
https://www.mekorhabracha.org/copy-of-center-city-beit-midrash,/copy-of-center-city-beit-midrash,http://localhost:3001/copy-of-center-city-beit-midrash,200,The Center City Beit Midrash (CCBM) | Mekor 3,The Center City Beit Midrash (CCBM) | Mekor Habracha,547,0,21,0,0.0,,Low copy coverage
https://www.mekorhabracha.org/copy-of-pesach-at-mekor,/copy-of-pesach-at-mekor,http://localhost:3001/copy-of-pesach-at-mekor,200,Shavuot at Mekor | Mekor 3,Mekor Habracha | Center City Synagogue | Philadelphia | Synagogue,298,0,24,0,0.0,,Low copy coverage
https://www.mekorhabracha.org/davening,/davening,http://localhost:3001/davening,200,Davening | Mekor 3,Davening | Mekor Habracha,796,0,30,0,0.0,,Low copy coverage
https://www.mekorhabracha.org/donation-thank-you-page,/donation-thank-you-page,http://localhost:3001/donation-thank-you-page,200,Thank You Page | Mekor 3,Mekor Habracha | Center City Synagogue | Philadelphia | Synagogue,86,0,3,0,0.0,,Low copy coverage
https://www.mekorhabracha.org/donations,/donations,http://localhost:3001/donations,200,Donate | Mekor Habracha,Donate | Mekor Habracha,417,0,24,0,0.0,,Low copy coverage
https://www.mekorhabracha.org/events,/events,http://localhost:3001/events,200,Events | Mekor 3,Events | Mekor Habracha,239,0,14,0,0.0,,Low copy coverage
https://www.mekorhabracha.org/events-1/1008,/events-1/1008,http://localhost:3001/events-1/1008,200,Purim at Mekor | Mekor 3,Purim at Mekor | Mekor Habracha,150,0,6,0,0.0,,Low copy coverage
https://www.mekorhabracha.org/events-1/1024,/events-1/1024,http://localhost:3001/events-1/1024,200,Purim at Mekor | Mekor 3,Purim at Mekor | Mekor Habracha,154,0,6,0,0.0,,Low copy coverage
https://www.mekorhabracha.org/events-1/1236,/events-1/1236,http://localhost:3001/events-1/1236,200,Purim at Mekor | Mekor 3,Purim at Mekor | Mekor Habracha,154,0,6,0,0.0,,Low copy coverage
https://www.mekorhabracha.org/events-1/1600,/events-1/1600,http://localhost:3001/events-1/1600,200,Purim at Mekor | Mekor 3,Purim at Mekor | Mekor Habracha,154,0,6,0,0.0,,Low copy coverage
https://www.mekorhabracha.org/events-1/2447,/events-1/2447,http://localhost:3001/events-1/2447,200,Purim at Mekor | Mekor 3,Purim at Mekor | Mekor Habracha,154,0,6,0,0.0,,Low copy coverage
https://www.mekorhabracha.org/events-1/768,/events-1/768,http://localhost:3001/events-1/768,200,Purim at Mekor | Mekor 3,Purim at Mekor | Mekor Habracha,154,0,6,0,0.0,,Low copy coverage
https://www.mekorhabracha.org/events-1/e0b7a2b2-1782-4b0f-9b31-0691f453bd36,/events-1/e0b7a2b2-1782-4b0f-9b31-0691f453bd36,http://localhost:3001/events-1/e0b7a2b2-1782-4b0f-9b31-0691f453bd36,200,Purim at Mekor | Mekor 3,Purim at Mekor | Mekor Habracha,154,0,6,0,0.0,,Low copy coverage
https://www.mekorhabracha.org/events-1/e1e8124f-530b-4ebb-aad4-a37696ce66af,/events-1/e1e8124f-530b-4ebb-aad4-a37696ce66af,http://localhost:3001/events-1/e1e8124f-530b-4ebb-aad4-a37696ce66af,200,Purim at Mekor | Mekor 3,Purim at Mekor | Mekor Habracha,154,0,6,0,0.0,,Low copy coverage
https://www.mekorhabracha.org/events-1/mekor-pesach-seders,/events-1/mekor-pesach-seders,http://localhost:3001/events-1/mekor-pesach-seders,200,Mekor Pesach Seders | Mekor 3,Mekor Pesach Seders | Mekor Habracha,131,0,5,0,0.0,,Low copy coverage
https://www.mekorhabracha.org/events-1/mekor-shabbat-with-the-sachers,/events-1/mekor-shabbat-with-the-sachers,http://localhost:3001/events-1/mekor-shabbat-with-the-sachers,200,Mekor Shabbat with the Sachers | Mekor 3,Mekor Shabbat with the Sachers | Mekor Habracha,173,0,6,0,0.0,,Low copy coverage
https://www.mekorhabracha.org/events-1/mekor-shabbat-with-the-sachers-1,/events-1/mekor-shabbat-with-the-sachers-1,http://localhost:3001/events-1/mekor-shabbat-with-the-sachers-1,200,Mekor Shabbat with the Sachers | Mekor 3,Mekor Shabbat with the Sachers | Mekor Habracha,179,0,5,0,0.0,,Low copy coverage
https://www.mekorhabracha.org/events-1/mekor-shabbat-with-the-sachers-2,/events-1/mekor-shabbat-with-the-sachers-2,http://localhost:3001/events-1/mekor-shabbat-with-the-sachers-2,200,Mekor Shabbat with the Sachers | Mekor 3,Mekor Shabbat with the Sachers | Mekor Habracha,179,0,5,0,0.0,,Low copy coverage
https://www.mekorhabracha.org/events-1/mekors-tot-shabbat,/events-1/mekors-tot-shabbat,http://localhost:3001/events-1/mekors-tot-shabbat,200,Mekor’s Tot Shabbat | Mekor 3,Mekor’s Tot Shabbat | Mekor Habracha,127,0,5,2,0.4,,Partial copy coverage
https://www.mekorhabracha.org/events-1/pesach-at-mekor,/events-1/pesach-at-mekor,http://localhost:3001/events-1/pesach-at-mekor,200,Pesach at Mekor | Mekor 3,Pesach at Mekor | Mekor Habracha,100,0,3,0,0.0,,Low copy coverage
https://www.mekorhabracha.org/events-1/purim-at-mekor,/events-1/purim-at-mekor,http://localhost:3001/events-1/purim-at-mekor,200,Purim at Mekor | Mekor 3,Purim at Mekor | Mekor Habracha,154,0,6,0,0.0,,Low copy coverage
https://www.mekorhabracha.org/events-1/scholar-in-residence-shabbat-with-rabbi-aaron-goldscheider,/events-1/scholar-in-residence-shabbat-with-rabbi-aaron-goldscheider,http://localhost:3001/events-1/scholar-in-residence-shabbat-with-rabbi-aaron-goldscheider,200,Scholar in Residence Shabbat With Rabbi Aaron Goldscheider | Mekor 3,Scholar in Residence Shabbat With Rabbi Aaron Goldscheider | Mekor Habracha,145,0,8,1,0.125,,Low copy coverage
https://www.mekorhabracha.org/events-1/shabbat-dinner-and-conversation-with-moshe-shamah,/events-1/shabbat-dinner-and-conversation-with-moshe-shamah,http://localhost:3001/events-1/shabbat-dinner-and-conversation-with-moshe-shamah,200,Shabbat Dinner and Conversation with Moshe Shamah | Mekor 3,Shabbat Dinner and Conversation with Moshe Shamah | Mekor Habracha,212,0,6,0,0.0,,Low copy coverage
https://www.mekorhabracha.org/events-1/shabbat-shuva-dinner-kumzitz,/events-1/shabbat-shuva-dinner-kumzitz,http://localhost:3001/events-1/shabbat-shuva-dinner-kumzitz,200,Shabbat Shuva Dinner Kumzitz | Mekor 3,Shabbat Shuva Dinner Kumzitz | Mekor Habracha,128,0,7,0,0.0,,Low copy coverage
https://www.mekorhabracha.org/events-1/special-discussion-with-mark-trencher-of-nishma-research,/events-1/special-discussion-with-mark-trencher-of-nishma-research,http://localhost:3001/events-1/special-discussion-with-mark-trencher-of-nishma-research,200,Special Discussion with Mark Trencher of Nishma Research | Mekor 3,Special Discussion with Mark Trencher of Nishma Research | Mekor Habracha,158,0,6,1,0.167,,Low copy coverage
https://www.mekorhabracha.org/events-page,/events-page,http://localhost:3001/events-page,200,Events Page | Mekor 3,Mekor Habracha | Center City Synagogue | Philadelphia | Synagogue,60,0,0,0,0.0,,Low copy coverage
https://www.mekorhabracha.org/from-the-rabbi-s-desk,/from-the-rabbi-s-desk,http://localhost:3001/from-the-rabbi-s-desk,200,From The Rabbi's Desk | Mekor 3,From The Rabbi&#x27;s Desk | Mekor Habracha,65,0,1,0,0.0,,Low copy coverage
https://www.mekorhabracha.org/general-5,/general-5,http://localhost:3001/general-5,200,List of Kosher Restaurants | Mekor 3,List of Kosher Restaurants | Mekor Habracha,432,0,36,0,0.0,,Low copy coverage
https://www.mekorhabracha.org/in-the-news,/in-the-news,http://localhost:3001/in-the-news,200,In The News | Mekor 3,In The News | Mekor Habracha,1252,0,114,0,0.0,,Low copy coverage
https://www.mekorhabracha.org/israel,/israel,http://localhost:3001/israel,200,Israel | Mekor 3,Israel | Mekor Habracha,704,0,27,0,0.0,,Low copy coverage
https://www.mekorhabracha.org/kiddush,/kiddush,http://localhost:3001/kiddush,200,kiddush | Mekor Habracha,kiddush | Mekor Habracha,459,0,22,0,0.0,,Low copy coverage
https://www.mekorhabracha.org/kosher-map,/kosher-map,http://localhost:3001/kosher-map,200,Kosher Map | Mekor 3 | Kosher Map,Mekor Habracha | Center City Synagogue | Philadelphia | Synagogue,64,0,0,0,0.0,,Low copy coverage
https://www.mekorhabracha.org/kosher-posts,/kosher-posts,http://localhost:3001/kosher-posts,200,Kosher Posts | Mekor 3,Mekor Habracha | Center City Synagogue | Philadelphia | Synagogue,317,0,11,0,0.0,,Low copy coverage
https://www.mekorhabracha.org/kosher-posts/categories/center-city,/kosher-posts/categories/center-city,http://localhost:3001/kosher-posts/categories/center-city,200,Center City,Mekor Habracha | Center City Synagogue | Philadelphia | Synagogue,197,0,7,0,0.0,,Low copy coverage
https://www.mekorhabracha.org/kosher-posts/categories/center-city/page/2,/kosher-posts/categories/center-city/page/2,http://localhost:3001/kosher-posts/categories/center-city/page/2,200,Center City 2/2,Mekor Habracha | Center City Synagogue | Philadelphia | Synagogue,207,0,7,0,0.0,,Low copy coverage
https://www.mekorhabracha.org/kosher-posts/categories/cherry-hill,/kosher-posts/categories/cherry-hill,http://localhost:3001/kosher-posts/categories/cherry-hill,200,Cherry Hill,Mekor Habracha | Center City Synagogue | Philadelphia | Synagogue,186,0,8,0,0.0,,Low copy coverage
https://www.mekorhabracha.org/kosher-posts/categories/main-line-manyunk,/kosher-posts/categories/main-line-manyunk,http://localhost:3001/kosher-posts/categories/main-line-manyunk,200,Main Line/Manyunk,Mekor Habracha | Center City Synagogue | Philadelphia | Synagogue,199,0,8,0,0.0,,Low copy coverage
https://www.mekorhabracha.org/kosher-posts/categories/main-line-manyunk/page/2,/kosher-posts/categories/main-line-manyunk/page/2,http://localhost:3001/kosher-posts/categories/main-line-manyunk/page/2,200,Main Line/Manyunk 2/2,Mekor Habracha | Center City Synagogue | Philadelphia | Synagogue,126,0,3,0,0.0,,Low copy coverage
https://www.mekorhabracha.org/kosher-posts/categories/old-york-road-northeast,/kosher-posts/categories/old-york-road-northeast,http://localhost:3001/kosher-posts/categories/old-york-road-northeast,200,Old York Road/Northeast,Mekor Habracha | Center City Synagogue | Philadelphia | Synagogue,209,0,9,0,0.0,,Low copy coverage
https://www.mekorhabracha.org/kosher-posts/page/2,/kosher-posts/page/2,http://localhost:3001/kosher-posts/page/2,200,Kosher Posts | Mekor 3 | Page 2 of 6,Mekor Habracha | Center City Synagogue | Philadelphia | Synagogue,282,0,13,0,0.0,,Low copy coverage
https://www.mekorhabracha.org/kosher-posts/page/3,/kosher-posts/page/3,http://localhost:3001/kosher-posts/page/3,200,Kosher Posts | Mekor 3 | Page 3 of 6,Mekor Habracha | Center City Synagogue | Philadelphia | Synagogue,291,0,14,0,0.0,,Low copy coverage
https://www.mekorhabracha.org/kosher-posts/page/4,/kosher-posts/page/4,http://localhost:3001/kosher-posts/page/4,200,Kosher Posts | Mekor 3 | Page 4 of 6,Mekor Habracha | Center City Synagogue | Philadelphia | Synagogue,286,0,13,0,0.0,,Low copy coverage
https://www.mekorhabracha.org/kosher-posts/page/5,/kosher-posts/page/5,http://localhost:3001/kosher-posts/page/5,200,Kosher Posts | Mekor 3 | Page 5 of 6,Mekor Habracha | Center City Synagogue | Philadelphia | Synagogue,289,0,13,0,0.0,,Low copy coverage
https://www.mekorhabracha.org/kosher-posts/page/6,/kosher-posts/page/6,http://localhost:3001/kosher-posts/page/6,200,Kosher Posts | Mekor 3 | Page 6 of 6,Mekor Habracha | Center City Synagogue | Philadelphia | Synagogue,271,0,16,0,0.0,,Low copy coverage
https://www.mekorhabracha.org/kosher-posts/page/e0b7a2b2-1782-4b0f-9b31-0691f453bd36,/kosher-posts/page/e0b7a2b2-1782-4b0f-9b31-0691f453bd36,http://localhost:3001/kosher-posts/page/e0b7a2b2-1782-4b0f-9b31-0691f453bd36,200,Kosher Posts | Mekor 3 | Page NaN of NaN,Mekor Habracha | Center City Synagogue | Philadelphia | Synagogue,74,0,1,0,0.0,,Low copy coverage
https://www.mekorhabracha.org/kosher-posts/page/e1e8124f-530b-4ebb-aad4-a37696ce66af,/kosher-posts/page/e1e8124f-530b-4ebb-aad4-a37696ce66af,http://localhost:3001/kosher-posts/page/e1e8124f-530b-4ebb-aad4-a37696ce66af,200,Kosher Posts | Mekor 3 | Page NaN of NaN,Mekor Habracha | Center City Synagogue | Philadelphia | Synagogue,74,0,1,0,0.0,,Low copy coverage
https://www.mekorhabracha.org/kosher-posts/search/2447,/kosher-posts/search/2447,http://localhost:3001/kosher-posts/search/2447,200,Kosher Posts | Mekor 3,Mekor Habracha | Center City Synagogue | Philadelphia | Synagogue,92,0,2,0,0.0,,Low copy coverage
https://www.mekorhabracha.org/kosher-posts/search/e0b7a2b2-1782-4b0f-9b31-0691f453bd36,/kosher-posts/search/e0b7a2b2-1782-4b0f-9b31-0691f453bd36,http://localhost:3001/kosher-posts/search/e0b7a2b2-1782-4b0f-9b31-0691f453bd36,200,Kosher Posts | Mekor 3,Mekor Habracha | Center City Synagogue | Philadelphia | Synagogue,71,0,1,0,0.0,,Low copy coverage
https://www.mekorhabracha.org/kosher-posts/search/e1e8124f-530b-4ebb-aad4-a37696ce66af,/kosher-posts/search/e1e8124f-530b-4ebb-aad4-a37696ce66af,http://localhost:3001/kosher-posts/search/e1e8124f-530b-4ebb-aad4-a37696ce66af,200,Kosher Posts | Mekor 3,Mekor Habracha | Center City Synagogue | Philadelphia | Synagogue,92,0,2,0,0.0,,Low copy coverage
https://www.mekorhabracha.org/kosher-posts/search/noindex,/kosher-posts/search/noindex,http://localhost:3001/kosher-posts/search/noindex,200,Kosher Posts | Mekor 3,Mekor Habracha | Center City Synagogue | Philadelphia | Synagogue,92,0,2,0,0.0,,Low copy coverage
https://www.mekorhabracha.org/kosher-posts/tags/bakery,/kosher-posts/tags/bakery,http://localhost:3001/kosher-posts/tags/bakery,200,Bakery | Mekor 3,Mekor Habracha | Center City Synagogue | Philadelphia | Synagogue,184,0,9,0,0.0,,Low copy coverage
https://www.mekorhabracha.org/kosher-posts/tags/bakery/page/2,/kosher-posts/tags/bakery/page/2,http://localhost:3001/kosher-posts/tags/bakery/page/2,200,Bakery | Mekor 3 2/2,Mekor Habracha | Center City Synagogue | Philadelphia | Synagogue,109,0,4,0,0.0,,Low copy coverage
https://www.mekorhabracha.org/kosher-posts/tags/cafe,/kosher-posts/tags/cafe,http://localhost:3001/kosher-posts/tags/cafe,200,Cafe | Mekor 3,Mekor Habracha | Center City Synagogue | Philadelphia | Synagogue,196,0,8,0,0.0,,Low copy coverage
https://www.mekorhabracha.org/kosher-posts/tags/ice-cream,/kosher-posts/tags/ice-cream,http://localhost:3001/kosher-posts/tags/ice-cream,200,Ice Cream | Mekor 3,Mekor Habracha | Center City Synagogue | Philadelphia | Synagogue,216,0,10,0,0.0,,Low copy coverage
https://www.mekorhabracha.org/kosher-posts/tags/restaurants,/kosher-posts/tags/restaurants,http://localhost:3001/kosher-posts/tags/restaurants,200,Restaurant | Mekor 3,Mekor Habracha | Center City Synagogue | Philadelphia | Synagogue,199,0,8,0,0.0,,Low copy coverage
https://www.mekorhabracha.org/kosher-posts/tags/restaurants/page/2,/kosher-posts/tags/restaurants/page/2,http://localhost:3001/kosher-posts/tags/restaurants/page/2,200,Restaurant | Mekor 3 2/3,Mekor Habracha | Center City Synagogue | Philadelphia | Synagogue,206,0,7,0,0.0,,Low copy coverage
https://www.mekorhabracha.org/kosher-posts/tags/restaurants/page/3,/kosher-posts/tags/restaurants/page/3,http://localhost:3001/kosher-posts/tags/restaurants/page/3,200,Restaurant | Mekor 3 3/3,Mekor Habracha | Center City Synagogue | Philadelphia | Synagogue,193,0,7,0,0.0,,Low copy coverage
https://www.mekorhabracha.org/letterfromisrael,/letterfromisrael,http://localhost:3001/letterfromisrael,200,Letter from Israel | Mekor 3,Mekor Habracha | Center City Synagogue | Philadelphia | Synagogue,985,0,20,0,0.0,,Low copy coverage
https://www.mekorhabracha.org/main-line-manyunk,/main-line-manyunk,http://localhost:3001/main-line-manyunk,200,Main Line/Manyunk | Mekor 3,Kosher Restaurants | Mekor Habracha,305,0,22,0,0.0,,Low copy coverage
https://www.mekorhabracha.org/mekor-bulletin-board,/mekor-bulletin-board,http://localhost:3001/mekor-bulletin-board,200,Mekor Bulletin Board | Mekor 3,Mekor Bulletin Board | Mekor Habracha,986,0,33,0,0.0,,Low copy coverage
https://www.mekorhabracha.org/mekorcouples,/mekorcouples,http://localhost:3001/mekorcouples,200,Mekor Couples | Mekor 3,Mekor Couples | Mekor Habracha,238,0,17,0,0.0,,Low copy coverage
https://www.mekorhabracha.org/membership,/membership,http://localhost:3001/membership,200,Membership | Mekor 3,Membership | Mekor Habracha,691,0,44,0,0.0,,Low copy coverage
https://www.mekorhabracha.org/membership-old,/membership-old,http://localhost:3001/membership-old,200,Membership \-old | Mekor 3,Mekor Habracha | Center City Synagogue | Philadelphia | Synagogue,700,0,46,0,0.0,,Low copy coverage
https://www.mekorhabracha.org/news/a-night-of-megillah-and-music-at-mekor-habracha,/news/a-night-of-megillah-and-music-at-mekor-habracha,http://localhost:3001/news/a-night-of-megillah-and-music-at-mekor-habracha,200,A Night of Megillah and Music at Mekor Habracha | Mekor 3,A Night of Megillah and Music at Mekor Habracha | Mekor Habracha,466,0,10,0,0.0,,Low copy coverage
https://www.mekorhabracha.org/news/activists-prepare-for-climate-march,/news/activists-prepare-for-climate-march,http://localhost:3001/news/activists-prepare-for-climate-march,200,Activists Prepare for Climate March | Mekor 3,Activists Prepare for Climate March | Mekor Habracha,816,0,17,0,0.0,,Low copy coverage
https://www.mekorhabracha.org/news/american-rabbis-brush-off-being-named-on-chief-rabbinate%E2%80%99s-%E2%80%98blacklist%E2%80%99,/news/american-rabbis-brush-off-being-named-on-chief-rabbinate%E2%80%99s-%E2%80%98blacklist%E2%80%99,http://localhost:3001/news/american-rabbis-brush-off-being-named-on-chief-rabbinate%E2%80%99s-%E2%80%98blacklist%E2%80%99,200,American Rabbis Brush Off Being Named on Chief Rabbinate’s ‘Blacklist’ | Mekor 3,American Rabbis Brush Off Being Named on Chief Rabbinate’s ‘Blacklist’ | Mekor Habracha,1332,0,32,0,0.0,,Low copy coverage
https://www.mekorhabracha.org/news/annual-jewish-heritage-night-fills-phillies-game,/news/annual-jewish-heritage-night-fills-phillies-game,http://localhost:3001/news/annual-jewish-heritage-night-fills-phillies-game,200,Annual Jewish Heritage Night Fills Phillies Game | Mekor 3,Annual Jewish Heritage Night Fills Phillies Game | Mekor Habracha,446,0,12,0,0.0,,Low copy coverage
https://www.mekorhabracha.org/news/back-to-jewish-day-school,/news/back-to-jewish-day-school,http://localhost:3001/news/back-to-jewish-day-school,200,Back to Jewish Day School | Mekor 3,Back to Jewish Day School | Mekor Habracha,751,0,14,0,0.0,,Low copy coverage
https://www.mekorhabracha.org/news/calling-attention-to-plight-of-chained-women,/news/calling-attention-to-plight-of-chained-women,http://localhost:3001/news/calling-attention-to-plight-of-chained-women,200,"Calling Attention to Plight of ""Chained"" Women | Mekor 3",Calling Attention to Plight of &quot;Chained&quot; Women | Mekor Habracha,1146,0,26,0,0.0,,Low copy coverage
https://www.mekorhabracha.org/news/creating-modern-orthodox-community,/news/creating-modern-orthodox-community,http://localhost:3001/news/creating-modern-orthodox-community,200,Creating Modern Orthodox Community | Mekor 3,Creating Modern Orthodox Community | Mekor Habracha,1498,0,36,0,0.0,,Low copy coverage
https://www.mekorhabracha.org/news/crockpot-crapshoot,/news/crockpot-crapshoot,http://localhost:3001/news/crockpot-crapshoot,200,Crockpot crapshoot | Mekor 3,Crockpot crapshoot | Mekor Habracha,681,0,10,0,0.0,,Low copy coverage
https://www.mekorhabracha.org/news/etz-chaim-and-minyan-outgrowth-decide-to-go-their-separate-ways,/news/etz-chaim-and-minyan-outgrowth-decide-to-go-their-separate-ways,http://localhost:3001/news/etz-chaim-and-minyan-outgrowth-decide-to-go-their-separate-ways,200,Etz Chaim and Minyan Outgrowth Decide to Go Their Separate Ways | Mekor 3,Etz Chaim and Minyan Outgrowth Decide to Go Their Separate Ways | Mekor Habracha,922,0,27,0,0.0,,Low copy coverage
https://www.mekorhabracha.org/news/federation-chosen-for-prestigious-leadership-program,/news/federation-chosen-for-prestigious-leadership-program,http://localhost:3001/news/federation-chosen-for-prestigious-leadership-program,200,Federation chosen for prestigious leadership program | Mekor 3,Federation chosen for prestigious leadership program | Mekor Habracha,310,0,6,0,0.0,,Low copy coverage
https://www.mekorhabracha.org/news/first-ever-hava-nagrilla-barbecue-contest-attracts-thousands,/news/first-ever-hava-nagrilla-barbecue-contest-attracts-thousands,http://localhost:3001/news/first-ever-hava-nagrilla-barbecue-contest-attracts-thousands,200,First-ever Hava NaGrilla Barbecue Contest Attracts Thousands | Mekor 3,First-ever Hava NaGrilla Barbecue Contest Attracts Thousands | Mekor Habracha,1189,0,14,0,0.0,,Low copy coverage
https://www.mekorhabracha.org/news/focusing-on-kids-makes-sense-but-what-about-singles,/news/focusing-on-kids-makes-sense-but-what-about-singles,http://localhost:3001/news/focusing-on-kids-makes-sense-but-what-about-singles,200,"Focusing on Kids Makes Sense, but What About Singles? | Mekor 3","Focusing on Kids Makes Sense, but What About Singles? | Mekor Habracha",854,0,17,0,0.0,,Low copy coverage
https://www.mekorhabracha.org/news/graduate-level-matchmaking,/news/graduate-level-matchmaking,http://localhost:3001/news/graduate-level-matchmaking,200,Graduate-Level Matchmaking | Mekor 3,Graduate-Level Matchmaking | Mekor Habracha,905,0,24,0,0.0,,Low copy coverage
https://www.mekorhabracha.org/news/its-all-about-location-when-it-comes-to-eruvin,/news/its-all-about-location-when-it-comes-to-eruvin,http://localhost:3001/news/its-all-about-location-when-it-comes-to-eruvin,200,It's All About Location When It Comes to Eruvin | Mekor 3,It&#x27;s All About Location When It Comes to Eruvin | Mekor Habracha,892,0,21,0,0.0,,Low copy coverage
https://www.mekorhabracha.org/news/jewish-weddings-are-blending-connubiality-with-individuality,/news/jewish-weddings-are-blending-connubiality-with-individuality,http://localhost:3001/news/jewish-weddings-are-blending-connubiality-with-individuality,200,Jewish Weddings Are Blending Connubiality with Individuality | Mekor 3,Jewish Weddings Are Blending Connubiality with Individuality | Mekor Habracha,1793,0,31,0,0.0,,Low copy coverage
https://www.mekorhabracha.org/news/keeping-jewish-heritage-alive-in-center-city,/news/keeping-jewish-heritage-alive-in-center-city,http://localhost:3001/news/keeping-jewish-heritage-alive-in-center-city,200,Keeping Jewish Heritage Alive in Center City | Mekor 3,Keeping Jewish Heritage Alive in Center City | Mekor Habracha,865,0,9,0,0.0,,Low copy coverage
https://www.mekorhabracha.org/news/leavens-fate-what-to-do-with-your-chametz,/news/leavens-fate-what-to-do-with-your-chametz,http://localhost:3001/news/leavens-fate-what-to-do-with-your-chametz,200,Leaven's Fate: What to do with your chametz | Mekor 3,Leaven&#x27;s Fate: What to do with your chametz | Mekor Habracha,1259,0,21,0,0.0,,Low copy coverage
https://www.mekorhabracha.org/news/local-rabbis-in-it-for-the-long-run,/news/local-rabbis-in-it-for-the-long-run,http://localhost:3001/news/local-rabbis-in-it-for-the-long-run,200,Local Rabbis in It for the Long Run | Mekor 3,Local Rabbis in It for the Long Run | Mekor Habracha,788,0,23,0,0.0,,Low copy coverage
https://www.mekorhabracha.org/news/locals-react-to-us-abstention-from-un-vote,/news/locals-react-to-us-abstention-from-un-vote,http://localhost:3001/news/locals-react-to-us-abstention-from-un-vote,200,Locals React to U.S. Abstention from UN Vote | Mekor 3,Locals React to U.S. Abstention from UN Vote | Mekor Habracha,1331,0,40,0,0.0,,Low copy coverage
https://www.mekorhabracha.org/news/making-carrying-shabbat-friendly,/news/making-carrying-shabbat-friendly,http://localhost:3001/news/making-carrying-shabbat-friendly,200,Making Carrying Shabbat-Friendly | Mekor 3,Making Carrying Shabbat-Friendly | Mekor Habracha,1662,0,34,0,0.0,,Low copy coverage
https://www.mekorhabracha.org/news/marriage-equality-supporters-applaud-state-bill,/news/marriage-equality-supporters-applaud-state-bill,http://localhost:3001/news/marriage-equality-supporters-applaud-state-bill,200,Marriage Equality Supporters Applaud State Bill | Mekor 3,Marriage Equality Supporters Applaud State Bill | Mekor Habracha,865,0,26,0,0.0,,Low copy coverage
https://www.mekorhabracha.org/news/mekor-habracha-scholar-in-residence-shabbaton-with-rabbi-saul-berman,/news/mekor-habracha-scholar-in-residence-shabbaton-with-rabbi-saul-berman,http://localhost:3001/news/mekor-habracha-scholar-in-residence-shabbaton-with-rabbi-saul-berman,200,Mekor Habracha Scholar-in-Residence Shabbaton with Rabbi Saul Berman | Mekor 3,Mekor Habracha Scholar-in-Residence Shabbaton with Rabbi Saul Berman | Mekor Habracha,304,0,10,0,0.0,,Low copy coverage
https://www.mekorhabracha.org/news/moshav-band-and-moments-of-wrong-ready-to-rock-union-transfer,/news/moshav-band-and-moments-of-wrong-ready-to-rock-union-transfer,http://localhost:3001/news/moshav-band-and-moments-of-wrong-ready-to-rock-union-transfer,200,Moshav Band and Moments of Wrong ready to rock Union Transfer | Mekor 3,Moshav Band and Moments of Wrong ready to rock Union Transfer | Mekor Habracha,682,0,13,0,0.0,,Low copy coverage
https://www.mekorhabracha.org/news/moshav-band-presents-mekor-habracha-benefit-concert,/news/moshav-band-presents-mekor-habracha-benefit-concert,http://localhost:3001/news/moshav-band-presents-mekor-habracha-benefit-concert,200,Moshav Band presents Mekor Habracha Benefit Concert | Mekor 3,Moshav Band presents Mekor Habracha Benefit Concert | Mekor Habracha,300,0,7,0,0.0,,Low copy coverage
https://www.mekorhabracha.org/news/music-bonfire-light-up-kensington-for-lag-bomer,/news/music-bonfire-light-up-kensington-for-lag-bomer,http://localhost:3001/news/music-bonfire-light-up-kensington-for-lag-bomer,200,"Music, Bonfire Light Up Kensington for Lag B’Omer | Mekor 3","Music, Bonfire Light Up Kensington for Lag B’Omer | Mekor Habracha",1016,0,27,0,0.0,,Low copy coverage
https://www.mekorhabracha.org/news/philadelphia-jews-celebrate-lag-bomer-with-bonfire-and-music-fest,/news/philadelphia-jews-celebrate-lag-bomer-with-bonfire-and-music-fest,http://localhost:3001/news/philadelphia-jews-celebrate-lag-bomer-with-bonfire-and-music-fest,200,Philadelphia Jews Celebrate Lag B'Omer With Bonfire and Music Fest | Mekor 3,Philadelphia Jews Celebrate Lag B&#x27;Omer With Bonfire and Music Fest | Mekor Habracha,431,0,11,0,0.0,,Low copy coverage
https://www.mekorhabracha.org/news/purim-stressing-gods-role-in-evil-of-world,/news/purim-stressing-gods-role-in-evil-of-world,http://localhost:3001/news/purim-stressing-gods-role-in-evil-of-world,200,Purim: Stressing God's role in evil of world | Mekor 3,Purim: Stressing God&#x27;s role in evil of world | Mekor Habracha,595,0,11,0,0.0,,Low copy coverage
https://www.mekorhabracha.org/news/rabbiscanrun,/news/rabbiscanrun,http://localhost:3001/news/rabbiscanrun,200,RabbisCanRun for Youth At Risk in Israel | Mekor 3,RabbisCanRun for Youth At Risk in Israel | Mekor Habracha,956,0,16,0,0.0,,Low copy coverage
https://www.mekorhabracha.org/news/ring-in-5773,/news/ring-in-5773,http://localhost:3001/news/ring-in-5773,200,Ring in 5773 | Mekor 3,Ring in 5773 | Mekor Habracha,401,0,8,0,0.0,,Low copy coverage
https://www.mekorhabracha.org/news/speaking-their-minds-rabbis-address-israel-at-the-high-holidays,/news/speaking-their-minds-rabbis-address-israel-at-the-high-holidays,http://localhost:3001/news/speaking-their-minds-rabbis-address-israel-at-the-high-holidays,200,Speaking Their Minds: Rabbis Address Israel at the High Holidays | Mekor 3,Speaking Their Minds: Rabbis Address Israel at the High Holidays | Mekor Habracha,1689,0,37,0,0.0,,Low copy coverage
https://www.mekorhabracha.org/news/understanding-yom-kippurs-focus-on-atonement-and-forgiveness,/news/understanding-yom-kippurs-focus-on-atonement-and-forgiveness,http://localhost:3001/news/understanding-yom-kippurs-focus-on-atonement-and-forgiveness,200,Understanding Yom Kippur’s Focus on Atonement and Forgiveness | Mekor 3,Understanding Yom Kippur’s Focus on Atonement and Forgiveness | Mekor Habracha,1396,0,21,0,0.0,,Low copy coverage
https://www.mekorhabracha.org/news/us-rabbis-sign-letter-opposing-nuclear-agreement,/news/us-rabbis-sign-letter-opposing-nuclear-agreement,http://localhost:3001/news/us-rabbis-sign-letter-opposing-nuclear-agreement,200,US Rabbis Sign Letter Opposing Nuclear Agreement | Mekor 3,US Rabbis Sign Letter Opposing Nuclear Agreement | Mekor Habracha,613,0,15,0,0.0,,Low copy coverage
https://www.mekorhabracha.org/news/waxman-and-snyder-to-challenge-sims-for-the-182nd-district,/news/waxman-and-snyder-to-challenge-sims-for-the-182nd-district,http://localhost:3001/news/waxman-and-snyder-to-challenge-sims-for-the-182nd-district,200,Waxman and Snyder to Challenge Sims for the 182nd District | Mekor 3,Waxman and Snyder to Challenge Sims for the 182nd District | Mekor Habracha,1172,0,40,0,0.0,,Low copy coverage
https://www.mekorhabracha.org/news/what-message-are-we-sending-to-mourners,/news/what-message-are-we-sending-to-mourners,http://localhost:3001/news/what-message-are-we-sending-to-mourners,200,What Message Are We Sending to Mourners? | Mekor 3,What Message Are We Sending to Mourners? | Mekor Habracha,844,0,16,0,0.0,,Low copy coverage
https://www.mekorhabracha.org/news/why-i-cook-for-strangers,/news/why-i-cook-for-strangers,http://localhost:3001/news/why-i-cook-for-strangers,200,Why I Cook for Strangers | Mekor 3,Why I Cook for Strangers | Mekor Habracha,1014,0,16,0,0.0,,Low copy coverage
https://www.mekorhabracha.org/old-kosher-restaurants,/old-kosher-restaurants,http://localhost:3001/old-kosher-restaurants,200,Old Kosher Restaurants | Mekor 3,Old Kosher Restaurants | Mekor Habracha,635,0,55,0,0.0,,Low copy coverage
https://www.mekorhabracha.org/old-yorkroad-northeast,/old-yorkroad-northeast,http://localhost:3001/old-yorkroad-northeast,200,Old York Road/Northeast | Mekor 3,Kosher Restaurants | Mekor Habracha,236,0,15,0,0.0,,Low copy coverage
https://www.mekorhabracha.org/our-communities,/our-communities,http://localhost:3001/our-communities,200,Our Community | Mekor 3,Our Community | Mekor Habracha,342,0,9,0,0.0,,Low copy coverage
https://www.mekorhabracha.org/our-leadership,/our-leadership,http://localhost:3001/our-leadership,200,Our Leadership | Mekor 3,Our Leadership | Mekor Habracha,469,0,10,0,0.0,,Low copy coverage
https://www.mekorhabracha.org/our-rabbi,/our-rabbi,http://localhost:3001/our-rabbi,200,Our Rabbis | Mekor 3,Our Rabbis | Mekor Habracha,880,0,23,0,0.0,,Low copy coverage
https://www.mekorhabracha.org/philly-jewish-community,/philly-jewish-community,http://localhost:3001/philly-jewish-community,200,Philly Jewish Community | Mekor 3,Philly Jewish Community | Mekor Habracha,555,0,23,0,0.0,,Low copy coverage
https://www.mekorhabracha.org/post/20th-street-pizza,/post/20th-street-pizza,http://localhost:3001/post/20th-street-pizza,200,20th Street Pizza,20th Street Pizza,99,0,3,0,0.0,,Low copy coverage
https://www.mekorhabracha.org/post/Cinnaholic,/post/Cinnaholic,http://localhost:3001/post/Cinnaholic,200,Cinnaholic,Cinnaholic,96,0,5,0,0.0,,Low copy coverage
https://www.mekorhabracha.org/post/HipCityVeg,/post/HipCityVeg,http://localhost:3001/post/HipCityVeg,200,HipCityVeg - Philadelphia,HipCityVeg - Philadelphia,107,0,7,0,0.0,,Low copy coverage
https://www.mekorhabracha.org/post/_blog,/post/_blog,http://localhost:3001/post/_blog,200,Cherry Grill,Cherry Grill,101,0,4,0,0.0,,Low copy coverage
https://www.mekorhabracha.org/post/_luhv,/post/_luhv,http://localhost:3001/post/_luhv,200,Luhv - N York Road,Luhv - N York Road,107,0,3,0,0.0,,Low copy coverage
https://www.mekorhabracha.org/post/_luhv-1,/post/_luhv-1,http://localhost:3001/post/_luhv-1,200,Luhv - N 12th Street,Luhv - N 12th Street,104,0,3,0,0.0,,Low copy coverage
https://www.mekorhabracha.org/post/_luhv-2,/post/_luhv-2,http://localhost:3001/post/_luhv-2,200,Luhv - S 19th St,Luhv - S 19th St,109,0,4,0,0.0,,Low copy coverage
https://www.mekorhabracha.org/post/bar-bombon,/post/bar-bombon,http://localhost:3001/post/bar-bombon,200,Bar Bombon,Bar Bombon,118,0,3,0,0.0,,Low copy coverage
https://www.mekorhabracha.org/post/barbara-and-harvey-brodsky-enrichment-center-of-jewish-family-and-children-services,/post/barbara-and-harvey-brodsky-enrichment-center-of-jewish-family-and-children-services,http://localhost:3001/post/barbara-and-harvey-brodsky-enrichment-center-of-jewish-family-and-children-services,200,Barbara and Harvey Brodsky Enrichment Center of Jewish Family and Children Services,Barbara and Harvey Brodsky Enrichment Center of Jewish Family and Children Services,114,0,3,0,0.0,,Low copy coverage
https://www.mekorhabracha.org/post/ben-jerry-s-ice-cream,/post/ben-jerry-s-ice-cream,http://localhost:3001/post/ben-jerry-s-ice-cream,200,​Ben & Jerry's Ice Cream,​Ben &amp; Jerry&#x27;s Ice Cream,103,0,3,0,0.0,,Low copy coverage
https://www.mekorhabracha.org/post/best-cake-kosher-bakery,/post/best-cake-kosher-bakery,http://localhost:3001/post/best-cake-kosher-bakery,200,Best Cake Kosher Bakery,Best Cake Kosher Bakery,102,0,4,0,0.0,,Low copy coverage
https://www.mekorhabracha.org/post/c-r-kitchen,/post/c-r-kitchen,http://localhost:3001/post/c-r-kitchen,200,C&R Kitchen,C&amp;R Kitchen,105,0,3,0,0.0,,Low copy coverage
https://www.mekorhabracha.org/post/c-r-kitchen-1,/post/c-r-kitchen-1,http://localhost:3001/post/c-r-kitchen-1,200,C&R Kitchen,C&amp;R Kitchen,111,0,3,0,0.0,,Low copy coverage
https://www.mekorhabracha.org/post/cafe-613-at-temple-hillel,/post/cafe-613-at-temple-hillel,http://localhost:3001/post/cafe-613-at-temple-hillel,200,Cafe 613 at Temple Hillel,Cafe 613 at Temple Hillel,104,0,4,0,0.0,,Low copy coverage
https://www.mekorhabracha.org/post/casa-borinque%C3%B1a,/post/casa-borinque%C3%B1a,http://localhost:3001/post/casa-borinque%C3%B1a,200,Casa Borinqueña​,Casa Borinqueña​,106,0,5,0,0.0,,Low copy coverage
https://www.mekorhabracha.org/post/casa-borinqueña,/post/casa-borinqueña,http://localhost:3001/post/casa-borinqueña,200,Casa Borinqueña​,Casa Borinqueña​,104,0,5,0,0.0,,Low copy coverage
https://www.mekorhabracha.org/post/charlie-was-a-sinner,/post/charlie-was-a-sinner,http://localhost:3001/post/charlie-was-a-sinner,200,Charlie Was a Sinner.,Charlie Was a Sinner.,112,0,3,0,0.0,,Low copy coverage
https://www.mekorhabracha.org/post/cinnaholic,/post/cinnaholic,http://localhost:3001/post/cinnaholic,200,Cinnaholic,Cinnaholic,96,0,5,0,0.0,,Low copy coverage
https://www.mekorhabracha.org/post/copy-of-ben-jerry-s-ice-cream,/post/copy-of-ben-jerry-s-ice-cream,http://localhost:3001/post/copy-of-ben-jerry-s-ice-cream,200,Center City Soft Pretzel Company,Center City Soft Pretzel Company,113,0,4,0,0.0,,Low copy coverage
https://www.mekorhabracha.org/post/diane-s-patisserie,/post/diane-s-patisserie,http://localhost:3001/post/diane-s-patisserie,200,Diane's Patisserie,Diane&#x27;s Patisserie,127,0,10,0,0.0,,Low copy coverage
https://www.mekorhabracha.org/post/dining-commons-at-penn-hillel,/post/dining-commons-at-penn-hillel,http://localhost:3001/post/dining-commons-at-penn-hillel,200,Dining Commons at Penn Hillel,Dining Commons at Penn Hillel,104,0,4,0,0.0,,Low copy coverage
https://www.mekorhabracha.org/post/dottie-s-donuts,/post/dottie-s-donuts,http://localhost:3001/post/dottie-s-donuts,200,Dottie's Donuts - Springfield Ave,Dottie&#x27;s Donuts - Springfield Ave,121,0,7,0,0.0,,Low copy coverage
https://www.mekorhabracha.org/post/dottie-s-donuts-1,/post/dottie-s-donuts-1,http://localhost:3001/post/dottie-s-donuts-1,200,Dottie's Donuts - 6th St,Dottie&#x27;s Donuts - 6th St,108,0,5,0,0.0,,Low copy coverage
https://www.mekorhabracha.org/post/dottie-s-donuts-2,/post/dottie-s-donuts-2,http://localhost:3001/post/dottie-s-donuts-2,200,Dottie's Donuts - Frankford Ave,Dottie&#x27;s Donuts - Frankford Ave,118,0,7,0,0.0,,Low copy coverage
https://www.mekorhabracha.org/post/dottie-s-donuts-3,/post/dottie-s-donuts-3,http://localhost:3001/post/dottie-s-donuts-3,200,​Dottie's Donuts - Rochelle Ave,​Dottie&#x27;s Donuts - Rochelle Ave,121,0,8,0,0.0,,Low copy coverage
https://www.mekorhabracha.org/post/espresso-cafe-sushi-bar,/post/espresso-cafe-sushi-bar,http://localhost:3001/post/espresso-cafe-sushi-bar,200,Espresso Cafe & Sushi Bar,Espresso Cafe &amp; Sushi Bar,112,0,7,0,0.0,,Low copy coverage
https://www.mekorhabracha.org/post/fitz-on-4th,/post/fitz-on-4th,http://localhost:3001/post/fitz-on-4th,200,Fitz on 4th,Fitz on 4th,107,0,3,0,0.0,,Low copy coverage
https://www.mekorhabracha.org/post/giant,/post/giant,http://localhost:3001/post/giant,200,GIANT - Wynnewood Rd,GIANT - Wynnewood Rd,110,0,6,0,0.0,,Low copy coverage
https://www.mekorhabracha.org/post/giant-1,/post/giant-1,http://localhost:3001/post/giant-1,200,GIANT - Huntingdon Pike,GIANT - Huntingdon Pike,109,0,7,0,0.0,,Low copy coverage
https://www.mekorhabracha.org/post/goldie,/post/goldie,http://localhost:3001/post/goldie,200,Goldie - Midtown Village,Goldie - Midtown Village,111,0,7,0,0.0,,Low copy coverage
https://www.mekorhabracha.org/post/goldie-1,/post/goldie-1,http://localhost:3001/post/goldie-1,200,Goldie - Sansom Street,Goldie - Sansom Street,121,0,8,0,0.0,,Low copy coverage
https://www.mekorhabracha.org/post/goldie-2,/post/goldie-2,http://localhost:3001/post/goldie-2,200,Goldie - Whole Foods,Goldie - Whole Foods,117,0,7,0,0.0,,Low copy coverage
https://www.mekorhabracha.org/post/goldie-3,/post/goldie-3,http://localhost:3001/post/goldie-3,200,Goldie - Franklin's Table,Goldie - Franklin&#x27;s Table,118,0,5,0,0.0,,Low copy coverage
https://www.mekorhabracha.org/post/goldie-4,/post/goldie-4,http://localhost:3001/post/goldie-4,200,Goldie - Center City,Goldie - Center City,133,0,12,0,0.0,,Low copy coverage
https://www.mekorhabracha.org/post/hipcityveg,/post/hipcityveg,http://localhost:3001/post/hipcityveg,200,HipCityVeg - Philadelphia,HipCityVeg - Philadelphia,107,0,7,0,0.0,,Low copy coverage
https://www.mekorhabracha.org/post/hipcityveg-1,/post/hipcityveg-1,http://localhost:3001/post/hipcityveg-1,200,HipCityVeg,HipCityVeg,128,0,7,0,0.0,,Low copy coverage
https://www.mekorhabracha.org/post/house-of-kosher,/post/house-of-kosher,http://localhost:3001/post/house-of-kosher,200,​​House of Kosher,​​House of Kosher,114,0,7,0,0.0,,Low copy coverage
https://www.mekorhabracha.org/post/insomnia-cookies-bala-cynwyd,/post/insomnia-cookies-bala-cynwyd,http://localhost:3001/post/insomnia-cookies-bala-cynwyd,200,Insomnia Cookies – Bala Cynwyd,Insomnia Cookies – Bala Cynwyd,107,0,6,0,0.0,,Low copy coverage
https://www.mekorhabracha.org/post/insomnia-cookies-upenn-hup,/post/insomnia-cookies-upenn-hup,http://localhost:3001/post/insomnia-cookies-upenn-hup,200,Kilwins Philadelphia,Kilwins Philadelphia,105,0,4,0,0.0,,Low copy coverage
https://www.mekorhabracha.org/post/insomnia-cookies-upenn-hup-1,/post/insomnia-cookies-upenn-hup-1,http://localhost:3001/post/insomnia-cookies-upenn-hup-1,200,Insomnia Cookies – UPenn/HUP,Insomnia Cookies – UPenn/HUP,100,0,5,0,0.0,,Low copy coverage
https://www.mekorhabracha.org/post/joy-cafe,/post/joy-cafe,http://localhost:3001/post/joy-cafe,200,Joy Cafe,Joy Cafe,103,0,3,0,0.0,,Low copy coverage
https://www.mekorhabracha.org/post/judah-mediterranean-grill,/post/judah-mediterranean-grill,http://localhost:3001/post/judah-mediterranean-grill,200,Judah Mediterranean Grill,Judah Mediterranean Grill,116,0,9,0,0.0,,Low copy coverage
https://www.mekorhabracha.org/post/kosher-corner-at-temple-university,/post/kosher-corner-at-temple-university,http://localhost:3001/post/kosher-corner-at-temple-university,200,Kosher Corner at Temple University,Kosher Corner at Temple University,152,0,9,0,0.0,,Low copy coverage
https://www.mekorhabracha.org/post/kosher-experience,/post/kosher-experience,http://localhost:3001/post/kosher-experience,200,Kosher Experience - Marlton Tpke,Kosher Experience - Marlton Tpke,102,0,4,0,0.0,,Low copy coverage
https://www.mekorhabracha.org/post/kosher-experience-1,/post/kosher-experience-1,http://localhost:3001/post/kosher-experience-1,200,Kosher Experience - Evesham RD,Kosher Experience - Evesham RD,101,0,4,0,0.0,,Low copy coverage
https://www.mekorhabracha.org/post/la-chic-n-sweet,/post/la-chic-n-sweet,http://localhost:3001/post/la-chic-n-sweet,200,La Chic N Sweet,La Chic N Sweet,102,0,4,0,0.0,,Low copy coverage
https://www.mekorhabracha.org/post/luhv-factory-vegan-bistro,/post/luhv-factory-vegan-bistro,http://localhost:3001/post/luhv-factory-vegan-bistro,200,LUHV Factory & Vegan Bistro,LUHV Factory &amp; Vegan Bistro,109,0,9,0,0.0,,Low copy coverage
https://www.mekorhabracha.org/post/magical-sweet-shop,/post/magical-sweet-shop,http://localhost:3001/post/magical-sweet-shop,200,Magical Sweet Shop,Magical Sweet Shop,110,0,7,0,0.0,,Low copy coverage
https://www.mekorhabracha.org/post/mama-s-vegetarian-falafel,/post/mama-s-vegetarian-falafel,http://localhost:3001/post/mama-s-vegetarian-falafel,200,Mama's Vegetarian Falafel,Mama&#x27;s Vegetarian Falafel,101,0,4,0,0.0,,Low copy coverage
https://www.mekorhabracha.org/post/mia-s-meals,/post/mia-s-meals,http://localhost:3001/post/mia-s-meals,200,​Mia's Meals,​Mia&#x27;s Meals,102,0,2,0,0.0,,Low copy coverage
https://www.mekorhabracha.org/post/mike-s-chicken,/post/mike-s-chicken,http://localhost:3001/post/mike-s-chicken,200,Mike's Chicken,Mike&#x27;s Chicken,157,0,11,0,0.0,,Low copy coverage
https://www.mekorhabracha.org/post/miss-rachel-s-pantry,/post/miss-rachel-s-pantry,http://localhost:3001/post/miss-rachel-s-pantry,200,Miss Rachel's Pantry,Miss Rachel&#x27;s Pantry,117,0,6,0,0.0,,Low copy coverage
https://www.mekorhabracha.org/post/moore-bakery---i-want-moore,/post/moore-bakery---i-want-moore,http://localhost:3001/post/moore-bakery---i-want-moore,200,Moore Bakery / I Want Moore,Moore Bakery / I Want Moore,108,0,6,0,0.0,,Low copy coverage
https://www.mekorhabracha.org/post/moore-bakery-i-want-moore,/post/moore-bakery-i-want-moore,http://localhost:3001/post/moore-bakery-i-want-moore,200,Moore Bakery / I Want Moore,Moore Bakery / I Want Moore,108,0,6,0,0.0,,Low copy coverage
https://www.mekorhabracha.org/post/nana-s-kitchen,/post/nana-s-kitchen,http://localhost:3001/post/nana-s-kitchen,200,Nana's Kitchen,Nana&#x27;s Kitchen,117,0,4,0,0.0,,Low copy coverage
https://www.mekorhabracha.org/post/new-york-bagel,/post/new-york-bagel,http://localhost:3001/post/new-york-bagel,200,New York Bagel,New York Bagel,108,0,5,0,0.0,,Low copy coverage
https://www.mekorhabracha.org/post/new-york-bagel-bakery,/post/new-york-bagel-bakery,http://localhost:3001/post/new-york-bagel-bakery,200,New York Bagel Bakery,New York Bagel Bakery,137,0,7,0,0.0,,Low copy coverage
https://www.mekorhabracha.org/post/nothing-bundt-cakes-cherry-hill,/post/nothing-bundt-cakes-cherry-hill,http://localhost:3001/post/nothing-bundt-cakes-cherry-hill,200,Nothing Bundt Cakes – Cherry Hill​,Nothing Bundt Cakes – Cherry Hill​,106,0,5,0,0.0,,Low copy coverage
https://www.mekorhabracha.org/post/nothing-bundt-cakes-marlton,/post/nothing-bundt-cakes-marlton,http://localhost:3001/post/nothing-bundt-cakes-marlton,200,Nothing Bundt Cakes – Marlton,Nothing Bundt Cakes – Marlton,105,0,6,0,0.0,,Low copy coverage
https://www.mekorhabracha.org/post/nothing-bundt-cakes-springfield,/post/nothing-bundt-cakes-springfield,http://localhost:3001/post/nothing-bundt-cakes-springfield,200,Nothing Bundt Cakes – Springfield,Nothing Bundt Cakes – Springfield,108,0,5,0,0.0,,Low copy coverage
https://www.mekorhabracha.org/post/nothing-bundt-cakes-wynnewood,/post/nothing-bundt-cakes-wynnewood,http://localhost:3001/post/nothing-bundt-cakes-wynnewood,200,Nothing Bundt Cakes – Wynnewood,Nothing Bundt Cakes – Wynnewood,101,0,4,0,0.0,,Low copy coverage
https://www.mekorhabracha.org/post/picture-barbara-and-harvey-brodsky-enrichment-center,/post/picture-barbara-and-harvey-brodsky-enrichment-center,http://localhost:3001/post/picture-barbara-and-harvey-brodsky-enrichment-center,200,Picture Barbara and Harvey Brodsky Enrichment Center,Picture Barbara and Harvey Brodsky Enrichment Center,121,0,10,0,0.0,,Low copy coverage
https://www.mekorhabracha.org/post/plnt-burger,/post/plnt-burger,http://localhost:3001/post/plnt-burger,200,PLNT Burger - Wynnewood Rd,PLNT Burger - Wynnewood Rd,112,0,5,0,0.0,,Low copy coverage
https://www.mekorhabracha.org/post/plnt-burger-1,/post/plnt-burger-1,http://localhost:3001/post/plnt-burger-1,200,PLNT Burger - The Fairway,PLNT Burger - The Fairway,112,0,7,0,0.0,,Low copy coverage
https://www.mekorhabracha.org/post/primo-water-ice,/post/primo-water-ice,http://localhost:3001/post/primo-water-ice,200,Primo Water Ice,Primo Water Ice,116,0,7,0,0.0,,Low copy coverage
https://www.mekorhabracha.org/post/ps-co,/post/ps-co,http://localhost:3001/post/ps-co,200,PS & Co,PS &amp; Co,110,0,4,0,0.0,,Low copy coverage
https://www.mekorhabracha.org/post/rita-s-south-street-west,/post/rita-s-south-street-west,http://localhost:3001/post/rita-s-south-street-west,200,Rita's South Street West,Rita&#x27;s South Street West,110,0,5,0,0.0,,Low copy coverage
https://www.mekorhabracha.org/post/rita-s-water-ice,/post/rita-s-water-ice,http://localhost:3001/post/rita-s-water-ice,200,Rita's Water Ice - Grant Ave,Rita&#x27;s Water Ice - Grant Ave,109,0,3,0,0.0,,Low copy coverage
https://www.mekorhabracha.org/post/rita-s-water-ice-1,/post/rita-s-water-ice-1,http://localhost:3001/post/rita-s-water-ice-1,200,Rita's Water Ice - Roosevelt Mall,Rita&#x27;s Water Ice - Roosevelt Mall,114,0,4,0,0.0,,Low copy coverage
https://www.mekorhabracha.org/post/rita-s-water-ice-2,/post/rita-s-water-ice-2,http://localhost:3001/post/rita-s-water-ice-2,200,Rita's Water Ice - Yorktown Plz,Rita&#x27;s Water Ice - Yorktown Plz,115,0,5,0,0.0,,Low copy coverage
https://www.mekorhabracha.org/post/rita-s-water-ice-3,/post/rita-s-water-ice-3,http://localhost:3001/post/rita-s-water-ice-3,200,Rita’s Water Ice - Crossroads Plaza,Rita’s Water Ice - Crossroads Plaza,117,0,8,0,0.0,,Low copy coverage
https://www.mekorhabracha.org/post/rollings-bakery,/post/rollings-bakery,http://localhost:3001/post/rollings-bakery,200,Rollings Bakery,Rollings Bakery,103,0,3,0,0.0,,Low copy coverage
https://www.mekorhabracha.org/post/say-she-ate-caf%C3%A9,/post/say-she-ate-caf%C3%A9,http://localhost:3001/post/say-she-ate-caf%C3%A9,200,Say She Ate Café,Say She Ate Café,123,0,5,0,0.0,,Low copy coverage
https://www.mekorhabracha.org/post/say-she-ate-café,/post/say-she-ate-café,http://localhost:3001/post/say-she-ate-café,200,Say She Ate Café,Say She Ate Café,123,0,5,0,0.0,,Low copy coverage
https://www.mekorhabracha.org/post/shalom-pizza,/post/shalom-pizza,http://localhost:3001/post/shalom-pizza,200,Shalom Pizza,Shalom Pizza,112,0,4,0,0.0,,Low copy coverage
https://www.mekorhabracha.org/post/shevy-s-babka-paradise,/post/shevy-s-babka-paradise,http://localhost:3001/post/shevy-s-babka-paradise,200,Shevy's Babka Paradise - Spring Garden St,Shevy&#x27;s Babka Paradise - Spring Garden St,106,0,7,0,0.0,,Low copy coverage
https://www.mekorhabracha.org/post/shevy-s-babka-paradise-1,/post/shevy-s-babka-paradise-1,http://localhost:3001/post/shevy-s-babka-paradise-1,200,Shevy's Babka Paradise - Chabad at Penn,Shevy&#x27;s Babka Paradise - Chabad at Penn,114,0,7,0,0.0,,Low copy coverage
https://www.mekorhabracha.org/post/shtetl-kosher-restaurant,/post/shtetl-kosher-restaurant,http://localhost:3001/post/shtetl-kosher-restaurant,200,Shtetl Kosher Restaurant,Shtetl Kosher Restaurant,128,0,10,0,0.0,,Low copy coverage
https://www.mekorhabracha.org/post/slices-and-rolls-pizza-shop,/post/slices-and-rolls-pizza-shop,http://localhost:3001/post/slices-and-rolls-pizza-shop,200,Slices and Rolls Pizza Shop,Slices and Rolls Pizza Shop,126,0,7,0,0.0,,Low copy coverage
https://www.mekorhabracha.org/post/star-of-david-kosher-grill,/post/star-of-david-kosher-grill,http://localhost:3001/post/star-of-david-kosher-grill,200,Star of David Kosher Grill,Star of David Kosher Grill,124,0,7,0,0.0,,Low copy coverage
https://www.mekorhabracha.org/post/stephen-s-cafe,/post/stephen-s-cafe,http://localhost:3001/post/stephen-s-cafe,200,Stephen’s Cafe​,Stephen’s Cafe​,99,0,3,0,0.0,,Low copy coverage
https://www.mekorhabracha.org/post/sweet-box-bakery,/post/sweet-box-bakery,http://localhost:3001/post/sweet-box-bakery,200,Sweet Box Bakery,Sweet Box Bakery,189,0,8,0,0.0,,Low copy coverage
https://www.mekorhabracha.org/post/sweet-trading-company,/post/sweet-trading-company,http://localhost:3001/post/sweet-trading-company,200,Sweet Trading Company,Sweet Trading Company,108,0,6,0,0.0,,Low copy coverage
https://www.mekorhabracha.org/post/tasty-twisters-soft-pretzel-factory,/post/tasty-twisters-soft-pretzel-factory,http://localhost:3001/post/tasty-twisters-soft-pretzel-factory,200,Tasty Twisters Soft Pretzel Factory,Tasty Twisters Soft Pretzel Factory,109,0,7,0,0.0,,Low copy coverage
https://www.mekorhabracha.org/post/that-sushi-spot-lkwd-nj-lakewood,/post/that-sushi-spot-lkwd-nj-lakewood,http://localhost:3001/post/that-sushi-spot-lkwd-nj-lakewood,200,That Sushi Spot - LKWD NJ lakewood,That Sushi Spot - LKWD NJ lakewood,308,0,21,0,0.0,,Low copy coverage
https://www.mekorhabracha.org/post/the-bagel-spot,/post/the-bagel-spot,http://localhost:3001/post/the-bagel-spot,200,The Bagel Spot,The Bagel Spot,114,0,7,0,0.0,,Low copy coverage
https://www.mekorhabracha.org/post/the-brazilian-bbq,/post/the-brazilian-bbq,http://localhost:3001/post/the-brazilian-bbq,200,THE BRAZILIAN BBQ,THE BRAZILIAN BBQ,113,0,7,0,0.0,,Low copy coverage
https://www.mekorhabracha.org/post/the-brazillan-bbq,/post/the-brazillan-bbq,http://localhost:3001/post/the-brazillan-bbq,200,The Brazillan BBQ,The Brazillan BBQ,104,0,3,0,0.0,,Low copy coverage
https://www.mekorhabracha.org/post/the-chilly-banana,/post/the-chilly-banana,http://localhost:3001/post/the-chilly-banana,200,The Chilly Banana,The Chilly Banana,104,0,4,0,0.0,,Low copy coverage
https://www.mekorhabracha.org/post/the-kosher-grill,/post/the-kosher-grill,http://localhost:3001/post/the-kosher-grill,200,The Kosher Grill​,The Kosher Grill​,99,0,1,0,0.0,,Low copy coverage
https://www.mekorhabracha.org/post/unit-su-vege,/post/unit-su-vege,http://localhost:3001/post/unit-su-vege,200,Unit Su Vege,Unit Su Vege,117,0,6,0,0.0,,Low copy coverage
https://www.mekorhabracha.org/post/whole-foods-fresh-fish-counter,/post/whole-foods-fresh-fish-counter,http://localhost:3001/post/whole-foods-fresh-fish-counter,200,Whole Foods - Fresh Fish Counter,Whole Foods - Fresh Fish Counter,109,0,6,0,0.0,,Low copy coverage
https://www.mekorhabracha.org/post/z-candy-bar,/post/z-candy-bar,http://localhost:3001/post/z-candy-bar,200,Z Candy Bar,Z Candy Bar,104,0,3,0,0.0,,Low copy coverage
https://www.mekorhabracha.org/post/zevi-s-bakery,/post/zevi-s-bakery,http://localhost:3001/post/zevi-s-bakery,200,Zevi’s Bakery,Zevi’s Bakery,123,0,8,0,0.0,,Low copy coverage
https://www.mekorhabracha.org/profile/rabbiehirsch/profile,/profile/rabbiehirsch/profile,http://localhost:3001/profile/rabbiehirsch/profile,200,Profile | Mekor 3,Profile | Mekor Habracha,205,0,4,0,0.0,,Low copy coverage
https://www.mekorhabracha.org/profile/rabbiehirsch/profile?disableScrollToTop=true,/profile/rabbiehirsch/profile?disableScrollToTop=true,http://localhost:3001/profile/rabbiehirsch/profile?disableScrollToTop=true,200,Profile | Mekor 3Following icon,Profile | Mekor Habracha,212,0,6,0,0.0,,Low copy coverage
https://www.mekorhabracha.org/s-projects-side-by-side,/s-projects-side-by-side,http://localhost:3001/s-projects-side-by-side,200,Projects | Mekor 3,Mekor Habracha | Center City Synagogue | Philadelphia | Synagogue,251,0,2,0,0.0,,Low copy coverage
https://www.mekorhabracha.org/search?q=%7Bsearch_term%7D,/search?q=%7Bsearch_term%7D,http://localhost:3001/search?q=%7Bsearch_term%7D,200,Search Results: '{search_term}' - Mekor 3,Search | Mekor Habracha,71,0,1,0,0.0,,Low copy coverage
https://www.mekorhabracha.org/team-4,/team-4,http://localhost:3001/team-4,200,Volunteer | Mekor 3,Volunteer | Mekor Habracha,479,0,17,0,0.0,,Low copy coverage
https://www.mekorhabracha.org/testimonials,/testimonials,http://localhost:3001/testimonials,200,Testimonials | Mekor 3,Testimonials | Mekor Habracha,963,0,25,0,0.0,,Low copy coverage
https://www.mekorhabracha.org/thank-you,/thank-you,http://localhost:3001/thank-you,200,Thank You! | Mekor 3,Mekor Habracha | Center City Synagogue | Philadelphia | Synagogue,162,0,8,0,0.0,,Low copy coverage
https://www.mekorhabracha.org/visit-us,/visit-us,http://localhost:3001/visit-us,200,Visit Us | Mekor 3,Visit Us | Mekor Habracha,123,0,3,0,0.0,,Low copy coverage
