page_url,asset_count
https://www.mekorhabracha.org/,57
https://www.mekorhabracha.org/kosher-posts/categories/center-city,42
https://www.mekorhabracha.org/kosher-map,22
https://www.mekorhabracha.org/kosher-posts/categories/main-line-manyunk,14
https://www.mekorhabracha.org/kosher-posts/categories/old-york-road-northeast,12
https://www.mekorhabracha.org/events,11
https://www.mekorhabracha.org/kosher-posts/categories/cherry-hill,11
https://www.mekorhabracha.org/our-leadership,11
https://www.mekorhabracha.org/post/luhv-factory-vegan-bistro,5
https://www.mekorhabracha.org/donations,5
https://www.mekorhabracha.org/about-us,4
https://www.mekorhabracha.org/post/bar-bombon,3
https://www.mekorhabracha.org/post/charlie-was-a-sinner,3
https://www.mekorhabracha.org/post/fitz-on-4th,3
https://www.mekorhabracha.org/post/goldie,3
https://www.mekorhabracha.org/kosher-posts,3
https://www.mekorhabracha.org/contact-us,2
https://www.mekorhabracha.org/post/unit-su-vege,2
https://www.mekorhabracha.org/post/ben-jerry-s-ice-cream,2
https://www.mekorhabracha.org/post/joy-cafe,2
https://www.mekorhabracha.org/post/ps-co,2
https://www.mekorhabracha.org/post/miss-rachel-s-pantry,2
https://www.mekorhabracha.org/post/house-of-kosher,2
https://www.mekorhabracha.org/post/rita-s-south-street-west,1
https://www.mekorhabracha.org/post/_luhv,1
https://www.mekorhabracha.org/post/magical-sweet-shop,1
https://www.mekorhabracha.org/post/plnt-burger,1
https://www.mekorhabracha.org/post/say-she-ate-caf√©,1
https://www.mekorhabracha.org/post/sweet-box-bakery,1
https://www.mekorhabracha.org/post/zevi-s-bakery,1
